s,E0,E1,E2,E3,gap,K
0.000000000000000000e+00,-2.000000000000000000e+00,-4.510281037539698445e-17,-0.000000000000000000e+00,2.000000000000000000e+00,2.000000000000000000e+00,8.838834764831855761e-02
5.000000000000000104e-04,-1.999000078171902395e+00,-4.999999843597092986e-04,5.000000000000000104e-04,1.999000078156261573e+00,1.998500078187542606e+00,8.862072933469827829e-02
1.000000000000000021e-03,-1.998000312875444884e+00,-9.999998747496326515e-04,1.000000000000000021e-03,1.998000312750194851e+00,1.997000313000695249e+00,8.885383730819576553e-02
1.500000000000000031e-03,-1.997000704392878578e+00,-1.499999576856581073e-03,1.499999999999999381e-03,1.997000703969735280e+00,1.995500704816022042e+00,8.908767418595676946e-02
2.000000000000000042e-03,-1.996001253007126053e+00,-1.999998995988219643e-03,2.000000000000000042e-03,1.996001252003114068e+00,1.994001254011137814e+00,8.932224259566846902e-02
2.500000000000000052e-03,-1.995001959001782454e+00,-2.499998037073402745e-03,2.499999999999999618e-03,1.995001957038856188e+00,1.992501960964708996e+00,8.955754517560531036e-02
3.000000000000000062e-03,-1.994002822661117280e+00,-2.999996604660263265e-03,3.000000000000000496e-03,1.994002819265777493e+00,1.991002826056456954e+00,8.979358457467492838e-02
3.500000000000000073e-03,-1.993003844270075708e+00,-3.499994602915655964e-03,3.500000000000000507e-03,1.993003838872991373e+00,1.989503849667159985e+00,9.003036345246470673e-02
4.000000000000000083e-03,-1.992005024114281708e+00,-3.999991935622069020e-03,4.000000000000000083e-03,1.992005016049903432e+00,1.988005032178659537e+00,9.026788447928825454e-02
4.500000000000000527e-03,-1.991006362480038927e+00,-4.499988506178169596e-03,4.500000000000000527e-03,1.991006350986217033e+00,1.986506373973860651e+00,9.050615033623243821e-02
5.000000000000000104e-03,-1.990007859654333133e+00,-4.999984217595172635e-03,4.999999999999999237e-03,1.990007843871928861e+00,1.985007875436737956e+00,9.074516371520420510e-02
5.499999999999999681e-03,-1.989009515924835991e+00,-5.499978972498319706e-03,5.500000000000000548e-03,1.989009494897334918e+00,1.983509536952337671e+00,9.098492731897724062e-02
6.000000000000000125e-03,-1.988011331579903951e+00,-5.999972673122732150e-03,6.000000000000000992e-03,1.988011304253026523e+00,1.982011358906781151e+00,9.122544386124023519e-02
6.500000000000000569e-03,-1.987013306908580246e+00,-6.499965221313316541e-03,6.500000000000001436e-03,1.987013272129893648e+00,1.980513341687266893e+00,9.146671606664490140e-02
7.000000000000000146e-03,-1.986015442200601999e+00,-6.999956518523083732e-03,7.000000000000001013e-03,1.986015398719125358e+00,1.979015485682078967e+00,9.170874667085174292e-02
7.499999999999999722e-03,-1.985017737746395339e+00,-7.499946465811685621e-03,7.499999999999999722e-03,1.985017684212207367e+00,1.977517791280583692e+00,9.195153842058040317e-02
8.000000000000000167e-03,-1.984020193837082280e+00,-7.999934963843765429e-03,8.000000000000000167e-03,1.984020128800926042e+00,1.976020258873238511e+00,9.219509407365709952e-02
8.500000000000000611e-03,-1.983022810764479615e+00,-8.499921912888541362e-03,8.500000000000000611e-03,1.983022732677368394e+00,1.974522888851591107e+00,9.243941639906287644e-02
9.000000000000001055e-03,-1.982025588821105133e+00,-8.999907212816229615e-03,9.000000000000001055e-03,1.982025496033921641e+00,1.973025681608288950e+00,9.268450817698223321e-02
9.499999999999999764e-03,-1.981028528300174951e+00,-9.499890763098770355e-03,9.499999999999998029e-03,1.981028419063273427e+00,1.971528637537076190e+00,9.293037219885279254e-02
1.000000000000000021e-02,-1.980031629495607959e+00,-9.999872462807044352e-03,9.999999999999998473e-03,1.980031501958414708e+00,1.970031757032800979e+00,9.317701126741405326e-02
1.050000000000000065e-02,-1.979034892702028259e+00,-1.049985221060989807e-02,1.049999999999999892e-02,1.979034744912638200e+00,1.968535040491418364e+00,9.342442819675630949e-02
1.099999999999999936e-02,-1.978038318214764724e+00,-1.099982990477305772e-02,1.100000000000000110e-02,1.978038148119537709e+00,1.967038488309991617e+00,9.367262581237138785e-02
1.149999999999999981e-02,-1.977041906329857879e+00,-1.149980544315608137e-02,1.150000000000000154e-02,1.977041711773013910e+00,1.965542100886701782e+00,9.392160695120141400e-02
1.200000000000000025e-02,-1.976045657344057460e+00,-1.199977872321274924e-02,1.200000000000000198e-02,1.976045436067269900e+00,1.964045878620844787e+00,9.417137446168885595e-02
1.250000000000000069e-02,-1.975049571554824634e+00,-1.249974964198843734e-02,1.250000000000000243e-02,1.975049321196812979e+00,1.962549821912836112e+00,9.442193120382817717e-02
1.300000000000000114e-02,-1.974053649260337773e+00,-1.299971809611897254e-02,1.300000000000000287e-02,1.974053367356456423e+00,1.961053931164218778e+00,9.467328004921447826e-02
1.349999999999999985e-02,-1.973057890759491562e+00,-1.349968398182901409e-02,1.349999999999999464e-02,1.973057574741320375e+00,1.959558206777662459e+00,9.492542388109585783e-02
1.400000000000000029e-02,-1.972062296351898558e+00,-1.399964719493057563e-02,1.399999999999999509e-02,1.972061943546828733e+00,1.958062649156967927e+00,9.517836559442348354e-02
1.450000000000000074e-02,-1.971066866337894075e+00,-1.449960763082153506e-02,1.449999999999999553e-02,1.971066473968715815e+00,1.956567258707072599e+00,9.543210809590274568e-02
1.499999999999999944e-02,-1.970071601018537066e+00,-1.499956518448402470e-02,1.499999999999999944e-02,1.970071166203021029e+00,1.955072035834052979e+00,9.568665430404510452e-02
1.549999999999999989e-02,-1.969076500695611465e+00,-1.549951975048295509e-02,1.549999999999999989e-02,1.969076020446094422e+00,1.953576980945128438e+00,9.594200714921960471e-02
1.600000000000000033e-02,-1.968081565671628619e+00,-1.599947122296445715e-02,1.600000000000000033e-02,1.968081036894593128e+00,1.952082094448664096e+00,9.619816957370452837e-02
1.650000000000000078e-02,-1.967086796249829739e+00,-1.649941949565448401e-02,1.650000000000000078e-02,1.967086215745484701e+00,1.950587376754175262e+00,9.645514453174047764e-02
1.700000000000000122e-02,-1.966092192734187893e+00,-1.699936446185644143e-02,1.700000000000000122e-02,1.966091557196044226e+00,1.949092828272331435e+00,9.671293498958044577e-02
1.750000000000000167e-02,-1.965097755429411341e+00,-1.749930601445140108e-02,1.750000000000000167e-02,1.965097061443862758e+00,1.947598449414959854e+00,9.697154392554620250e-02
1.800000000000000211e-02,-1.964103484640943087e+00,-1.799924404589475779e-02,1.800000000000000211e-02,1.964102728686838217e+00,1.946104240595048385e+00,9.723097433007724111e-02
1.849999999999999908e-02,-1.963109380674966209e+00,-1.849917844821459545e-02,1.849999999999999561e-02,1.963108559123180941e+00,1.944610202226751516e+00,9.749122920578538742e-02
1.899999999999999953e-02,-1.962115443838403861e+00,-1.899910911301272431e-02,1.899999999999999606e-02,1.962114552951416346e+00,1.943116334725391248e+00,9.775231156750985306e-02
1.949999999999999997e-02,-1.961121674438920826e+00,-1.949903593146003200e-02,1.949999999999999650e-02,1.961120710370380715e+00,1.941622638507460863e+00,9.801422444236805587e-02
2.000000000000000042e-02,-1.960128072784929065e+00,-1.999895879429507486e-02,1.999999999999999695e-02,1.960127031579224521e+00,1.940129113990634036e+00,9.827697086981003471e-02
2.050000000000000086e-02,-1.959134639185587723e+00,-2.049887759182566355e-02,2.049999999999999739e-02,1.959133516777413320e+00,1.938635761593762163e+00,9.854055390167427986e-02
2.100000000000000130e-02,-1.958141373950802233e+00,-2.099879221392336390e-02,2.099999999999999784e-02,1.958140166164725526e+00,1.937142581736878810e+00,9.880497660223984402e-02
2.150000000000000175e-02,-1.957148277391234092e+00,-2.149870255002454822e-02,2.149999999999999828e-02,1.957146979941258635e+00,1.935649574841209475e+00,9.907024204828213110e-02
2.199999999999999872e-02,-1.956155349818296418e+00,-2.199860848912736644e-02,2.200000000000000219e-02,1.956153958307423890e+00,1.934156741329169149e+00,9.933635332912700566e-02
2.249999999999999917e-02,-1.955162591544158390e+00,-2.249850991979073997e-02,2.250000000000000264e-02,1.955161101463948725e+00,1.932664081624367647e+00,9.960331354670672044e-02
2.299999999999999961e-02,-1.954170002881747914e+00,-2.299840673013253331e-02,2.300000000000000308e-02,1.954168409611880541e+00,1.931171596151615377e+00,9.987112581561408131e-02
2.350000000000000006e-02,-1.953177584144754286e+00,-2.349829880782799973e-02,2.349999999999998965e-02,1.953175882952582043e+00,1.929679285336926231e+00,1.001397932631585413e-01
2.400000000000000050e-02,-1.952185335647629305e+00,-2.399818604010825820e-02,2.400000000000000397e-02,1.952183521687737455e+00,1.928187149607521134e+00,1.004093190294216564e-01
2.450000000000000094e-02,-1.951193257705590156e+00,-2.449806831375792721e-02,2.450000000000000441e-02,1.951191326019347860e+00,1.926695189391832264e+00,1.006797062673136928e-01
2.500000000000000139e-02,-1.950201350634620523e+00,-2.499794551511487148e-02,2.500000000000000486e-02,1.950199296149735639e+00,1.925203405119505717e+00,1.009509581426293739e-01
2.550000000000000183e-02,-1.949209614751475694e+00,-2.549781753006734666e-02,2.550000000000000530e-02,1.949207432281542918e+00,1.923711797221408393e+00,1.012230778341042664e-01
2.600000000000000228e-02,-1.948218050373681898e+00,-2.599768424405212233e-02,2.600000000000000575e-02,1.948215734617734007e+00,1.922220366129629765e+00,1.014960685334723167e-01
2.649999999999999925e-02,-1.947226657819539630e+00,-2.649754554205438137e-02,2.650000000000000272e-02,1.947224203361593853e+00,1.920729112277485218e+00,1.017699334455218346e-01
2.699999999999999969e-02,-1.946235437408125879e+00,-2.699740130860470849e-02,2.700000000000000316e-02,1.946232838716730695e+00,1.919238036099521150e+00,1.020446757881537658e-01
2.750000000000000014e-02,-1.945244389459298118e+00,-2.749725142777736941e-02,2.749999999999998973e-02,1.945241640887075629e+00,1.917747138031520748e+00,1.023202987924386881e-01
2.800000000000000058e-02,-1.944253514293692753e+00,-2.799709578318929082e-02,2.800000000000000405e-02,1.944250610076881935e+00,1.916256418510503545e+00,1.025968057026743208e-01
2.850000000000000103e-02,-1.943262812232733561e+00,-2.849693425799808277e-02,2.850000000000000450e-02,1.943259746490731299e+00,1.914765877974735409e+00,1.028741997764445470e-01
2.900000000000000147e-02,-1.942272283598626137e+00,-2.899676673490013401e-02,2.900000000000000494e-02,1.942269050333525815e+00,1.913275516863726100e+00,1.031524842846764656e-01
2.950000000000000192e-02,-1.941281928714367666e+00,-2.949659309612957109e-02,2.950000000000000538e-02,1.941278521810496649e+00,1.911785335618238157e+00,1.034316625117004396e-01
2.999999999999999889e-02,-1.940291747903743147e+00,-2.999641322345533712e-02,2.999999999999999889e-02,1.940288161127198485e+00,1.910295334680287782e+00,1.037117377553075231e-01
3.049999999999999933e-02,-1.939301741491333386e+00,-3.049622699818074420e-02,3.049999999999999933e-02,1.939297968489514190e+00,1.908805514493152611e+00,1.039927133268093024e-01
3.099999999999999978e-02,-1.938311909802513666e+00,-3.099603430114111421e-02,3.099999999999999978e-02,1.938307944103654368e+00,1.907315875501372604e+00,1.042745925510971949e-01
3.150000000000000022e-02,-1.937322253163455965e+00,-3.149583501270130509e-02,3.150000000000000022e-02,1.937318088176157360e+00,1.905826418150754709e+00,1.045573787667018334e-01
3.200000000000000067e-02,-1.936332771901134731e+00,-3.199562901275588428e-02,3.200000000000000067e-02,1.936328400913890579e+00,1.904337142888378853e+00,1.048410753258535999e-01
3.250000000000000111e-02,-1.935343466343324659e+00,-3.249541618072643301e-02,3.250000000000000111e-02,1.935338882524051396e+00,1.902848050162598170e+00,1.051256855945420371e-01
3.300000000000000155e-02,-1.934354336818608244e+00,-3.299519639555796580e-02,3.300000000000000155e-02,1.934349533214165806e+00,1.901359140423050320e+00,1.054112129525761610e-01
3.350000000000000200e-02,-1.933365383656372227e+00,-3.349496953572057845e-02,3.350000000000000200e-02,1.933360353192092873e+00,1.899870414120651718e+00,1.056976607936467860e-01
3.400000000000000244e-02,-1.932376607186815143e+00,-3.399473547920479205e-02,3.400000000000000244e-02,1.932371342666019842e+00,1.898381871707610413e+00,1.059850325253852005e-01
3.450000000000000289e-02,-1.931388007740947321e+00,-3.449449410352101175e-02,3.450000000000000289e-02,1.931382501844468358e+00,1.896893513637426310e+00,1.062733315694256025e-01
3.500000000000000333e-02,-1.930399585650594219e+00,-3.499424528569874265e-02,3.500000000000000333e-02,1.930393830936293575e+00,1.895405340364895386e+00,1.065625613614671063e-01
3.550000000000000377e-02,-1.929411341248399303e+00,-3.549398890228179504e-02,3.550000000000000377e-02,1.929405330150681275e+00,1.893917352346117466e+00,1.068527253513342212e-01
3.600000000000000422e-02,-1.928423274867822723e+00,-3.599372482933083095e-02,3.600000000000000422e-02,1.928416999697153855e+00,1.892429550038492003e+00,1.071438270030408563e-01
3.649999999999999772e-02,-1.927435386843150855e+00,-3.649345294241588405e-02,3.649999999999999079e-02,1.927428839785566117e+00,1.890941933900734950e+00,1.074358697948497449e-01
3.699999999999999817e-02,-1.926447677509490308e+00,-3.699317311662060626e-02,3.699999999999999123e-02,1.926440850626110590e+00,1.889454504392869660e+00,1.077288572193384475e-01
3.749999999999999861e-02,-1.925460147202778804e+00,-3.749288522653635575e-02,3.749999999999999167e-02,1.925453032429314648e+00,1.887967261976242428e+00,1.080227927834595536e-01
3.799999999999999906e-02,-1.924472796259780072e+00,-3.799258914626162109e-02,3.799999999999999212e-02,1.924465385406041840e+00,1.886480207113518492e+00,1.083176800086052549e-01
3.849999999999999950e-02,-1.923485625018093836e+00,-3.849228474940042527e-02,3.849999999999999256e-02,1.923477909767493887e+00,1.884993340268693363e+00,1.086135224306703506e-01
3.899999999999999994e-02,-1.922498633816149383e+00,-3.899197190906027871e-02,3.899999999999999301e-02,1.922490605725209800e+00,1.883506661907089041e+00,1.089103236001167652e-01
3.950000000000000039e-02,-1.921511822993217322e+00,-3.949165049784950782e-02,3.949999999999999345e-02,1.921503473491066760e+00,1.882020172495367794e+00,1.092080870820355543e-01
4.000000000000000083e-02,-1.920525192889407151e+00,-3.999132038787733823e-02,3.999999999999999389e-02,1.920516513277284565e+00,1.880533872501529924e+00,1.095068164562139207e-01
4.050000000000000128e-02,-1.919538743845668138e+00,-4.049098145075023109e-02,4.049999999999999434e-02,1.919529725296418743e+00,1.879047762394917997e+00,1.098065153171979141e-01
4.100000000000000172e-02,-1.918552476203797763e+00,-4.099063355757064098e-02,4.099999999999999478e-02,1.918543109761368548e+00,1.877561842646227053e+00,1.101071872743574070e-01
4.150000000000000216e-02,-1.917566390306437940e+00,-4.149027657893523957e-02,4.149999999999999523e-02,1.917556666885373184e+00,1.876076113727502603e+00,1.104088359519525969e-01
4.200000000000000261e-02,-1.916580486497080571e+00,-4.198991038493297273e-02,4.199999999999998179e-02,1.916570396882012695e+00,1.874590576112147522e+00,1.107114649891983715e-01
4.250000000000000305e-02,-1.915594765120071541e+00,-4.248953484514302048e-02,4.249999999999999611e-02,1.915584299965214177e+00,1.873105230274928479e+00,1.110150780403297566e-01
4.300000000000000350e-02,-1.914609226520610941e+00,-4.298914982863300677e-02,4.299999999999999656e-02,1.914598376349243791e+00,1.871620076691977941e+00,1.113196787746690147e-01
4.350000000000000394e-02,-1.913623871044755287e+00,-4.348875520395726474e-02,4.349999999999998312e-02,1.913612626248712756e+00,1.870135115840797946e+00,1.116252708766914820e-01
4.399999999999999745e-02,-1.912638699039423296e+00,-4.398835083915451222e-02,4.400000000000000439e-02,1.912627049878578012e+00,1.868650348200268763e+00,1.119318580460918061e-01
4.449999999999999789e-02,-1.911653710852395216e+00,-4.448793660174674147e-02,4.450000000000000483e-02,1.911641647454141779e+00,1.867165774250648447e+00,1.122394439978518926e-01
4.499999999999999833e-02,-1.910668906832316161e+00,-4.498751235873525711e-02,4.500000000000000527e-02,1.910656419191051558e+00,1.865681394473580834e+00,1.125480324623062273e-01
4.549999999999999878e-02,-1.909684287328701657e+00,-4.548707797660159896e-02,4.550000000000000572e-02,1.909671365305303015e+00,1.864197209352099982e+00,1.128576271852119867e-01
4.599999999999999922e-02,-1.908699852691933430e+00,-4.598663332130414894e-02,4.599999999999997841e-02,1.908686486013237760e+00,1.862713219370629281e+00,1.131682319278150134e-01
4.649999999999999967e-02,-1.907715603273271388e+00,-4.648617825827554978e-02,4.650000000000000661e-02,1.907701781531546903e+00,1.861229425014995886e+00,1.134798504669181501e-01
4.700000000000000011e-02,-1.906731539424847854e+00,-4.698571265242190709e-02,4.700000000000000705e-02,1.906717252077269720e+00,1.859745826772425836e+00,1.137924865949504483e-01
4.750000000000000056e-02,-1.905747661499675116e+00,-4.748523636811919496e-02,4.750000000000000749e-02,1.905732897867794540e+00,1.858262425131555817e+00,1.141061441200345444e-01
4.800000000000000100e-02,-1.904763969851646976e+00,-4.798474926921471317e-02,4.800000000000000794e-02,1.904748719120861855e+00,1.856779220582432277e+00,1.144208268660576594e-01
4.850000000000000144e-02,-1.903780464835540753e+00,-4.848425121902072421e-02,4.850000000000000838e-02,1.903764716054561656e+00,1.855296213616520085e+00,1.147365386727385445e-01
4.900000000000000189e-02,-1.902797146807019057e+00,-4.898374208031485572e-02,4.900000000000000883e-02,1.902780888887334321e+00,1.853813404726704306e+00,1.150532833956994655e-01
4.950000000000000233e-02,-1.901814016122637785e+00,-4.948322171533889313e-02,4.950000000000000927e-02,1.901797237837976606e+00,1.852330794407298864e+00,1.153710649065334132e-01
5.000000000000000278e-02,-1.900831073139839678e+00,-4.998268998579429717e-02,4.999999999999998196e-02,1.900813763125634104e+00,1.850848383154045429e+00,1.156898870928780992e-01
5.050000000000000322e-02,-1.899848318216965204e+00,-5.048214675284258546e-02,5.049999999999998240e-02,1.899830464969807231e+00,1.849366171464122521e+00,1.160097538584827781e-01
5.100000000000000366e-02,-1.898865751713251671e+00,-5.098159187710187001e-02,5.100000000000001060e-02,1.898847343590353676e+00,1.847884159836149731e+00,1.163306691232808554e-01
5.150000000000000411e-02,-1.897883373988837441e+00,-5.148102521864520581e-02,5.149999999999998329e-02,1.897864399207483288e+00,1.846402348770192159e+00,1.166526368234611644e-01
5.200000000000000455e-02,-1.896901185404764156e+00,-5.198044663699859236e-02,5.199999999999998374e-02,1.896881632041762744e+00,1.844920738767765522e+00,1.169756609115387980e-01
5.249999999999999806e-02,-1.895919186322974959e+00,-5.247985599113902389e-02,5.250000000000000500e-02,1.895899042314114213e+00,1.843439330331835935e+00,1.172997453564283143e-01
5.299999999999999850e-02,-1.894937377106327592e+00,-5.297925313949225501e-02,5.300000000000000544e-02,1.894916630245819578e+00,1.841958123966835448e+00,1.176248941435133061e-01
5.349999999999999895e-02,-1.893955758118586630e+00,-5.347863793993094805e-02,5.350000000000000588e-02,1.893934396058516878e+00,1.840477120178655612e+00,1.179511112747212292e-01
5.399999999999999939e-02,-1.892974329724431248e+00,-5.397801024977218198e-02,5.400000000000000633e-02,1.892952339974203424e+00,1.838996319474659025e+00,1.182784007685953875e-01
5.449999999999999983e-02,-1.891993092289460332e+00,-5.447736992577584259e-02,5.450000000000000677e-02,1.891970462215236015e+00,1.837515722363684434e+00,1.186067666603668608e-01
5.500000000000000028e-02,-1.891012046180189143e+00,-5.497671682414289468e-02,5.500000000000000722e-02,1.890988763004332274e+00,1.836035329356046297e+00,1.189362130020302638e-01
5.550000000000000072e-02,-1.890031191764055540e+00,-5.547605080051160736e-02,5.549999999999997990e-02,1.890007242564567314e+00,1.834555140963543884e+00,1.192667438624152448e-01
5.600000000000000117e-02,-1.889050529409425749e+00,-5.597537170995764422e-02,5.600000000000000810e-02,1.889025901119383288e+00,1.833075157699468161e+00,1.195983633272609120e-01
5.650000000000000161e-02,-1.888070059485591479e+00,-5.647467940698973343e-02,5.650000000000000855e-02,1.888044738892580510e+00,1.831595380078601787e+00,1.199310754992913841e-01
5.700000000000000205e-02,-1.887089782362774359e+00,-5.697397374555024374e-02,5.700000000000000899e-02,1.887063756108324331e+00,1.830115808617224005e+00,1.202648844982897036e-01
5.750000000000000250e-02,-1.886109698412132829e+00,-5.747325457901044515e-02,5.750000000000000944e-02,1.886082952991143369e+00,1.828636443833122405e+00,1.205997944611722356e-01
5.800000000000000294e-02,-1.885129808005759466e+00,-5.797252176016976649e-02,5.800000000000000988e-02,1.885102329765929507e+00,1.827157286245589596e+00,1.209358095420649398e-01
5.850000000000000339e-02,-1.884150111516688320e+00,-5.847177514125311698e-02,5.850000000000001033e-02,1.884121886657941447e+00,1.825678336375435196e+00,1.212729339123786859e-01
5.900000000000000383e-02,-1.883170609318894240e+00,-5.897101457390991480e-02,5.900000000000001077e-02,1.883141623892804262e+00,1.824199594744984276e+00,1.216111717608849285e-01
5.950000000000000427e-02,-1.882191301787298654e+00,-5.947023990920932701e-02,5.950000000000001121e-02,1.882161541696507179e+00,1.822721061878089355e+00,1.219505272937926044e-01
5.999999999999999778e-02,-1.881212189297769788e+00,-5.996945099764118547e-02,5.999999999999999778e-02,1.881181640295410906e+00,1.821242738300128616e+00,1.222910047348242935e-01
6.049999999999999822e-02,-1.880233272227127994e+00,-6.046864768911146271e-02,6.049999999999999822e-02,1.880201919916239417e+00,1.819764624538016573e+00,1.226326083252933241e-01
6.099999999999999867e-02,-1.879254550953148639e+00,-6.096782983294167513e-02,6.099999999999999867e-02,1.879222380786090385e+00,1.818286721120206950e+00,1.229753423241810167e-01
6.149999999999999911e-02,-1.878276025854561215e+00,-6.146699727786557321e-02,6.149999999999999911e-02,1.878243023132426970e+00,1.816809028576695573e+00,1.233192110082150100e-01
6.199999999999999956e-02,-1.877297697311057556e+00,-6.196614987202764269e-02,6.199999999999999956e-02,1.877263847183085144e+00,1.815331547439029913e+00,1.236642186719464215e-01
6.250000000000000000e-02,-1.876319565703292280e+00,-6.246528746298059265e-02,6.250000000000000000e-02,1.876284853166272582e+00,1.813854278240311757e+00,1.240103696278278406e-01
6.300000000000000044e-02,-1.875341631412883014e+00,-6.296440989768219143e-02,6.300000000000000044e-02,1.875306041310565108e+00,1.812377221515200754e+00,1.243576682062931399e-01
6.350000000000000089e-02,-1.874363894822420162e+00,-6.346351702249607152e-02,6.350000000000000089e-02,1.874327411844916025e+00,1.810900377799924188e+00,1.247061187558358014e-01
6.400000000000000133e-02,-1.873386356315464685e+00,-6.396260868318490167e-02,6.399999999999998745e-02,1.873348964998648780e+00,1.809423747632279866e+00,1.250557256430880060e-01
6.450000000000000178e-02,-1.872409016276549654e+00,-6.446168472491287105e-02,6.450000000000000178e-02,1.872370701001462745e+00,1.807947331551636783e+00,1.254064932529013465e-01
6.500000000000000222e-02,-1.871431875091190022e+00,-6.496074499224079035e-02,6.500000000000000222e-02,1.871392620083430991e+00,1.806471130098949329e+00,1.257584259884259315e-01
6.550000000000000266e-02,-1.870454933145878185e+00,-6.545978932912234483e-02,6.550000000000000266e-02,1.870414722475000957e+00,1.804995143816755743e+00,1.261115282711904595e-01
6.600000000000000311e-02,-1.869478190828092856e+00,-6.595881757890631469e-02,6.600000000000000311e-02,1.869437008406999334e+00,1.803519373249186541e+00,1.264658045411836129e-01
6.650000000000000355e-02,-1.868501648526299075e+00,-6.645782958433039955e-02,6.650000000000000355e-02,1.868459478110629401e+00,1.802043818941968745e+00,1.268212592569352981e-01
6.700000000000000400e-02,-1.867525306629949533e+00,-6.695682518752028856e-02,6.699999999999999012e-02,1.867482131817469915e+00,1.800568481442429203e+00,1.271778968955978584e-01
6.750000000000000444e-02,-1.866549165529492571e+00,-6.745580422998767589e-02,6.749999999999999056e-02,1.866504969759480659e+00,1.799093361299504812e+00,1.275357219530273145e-01
6.800000000000000488e-02,-1.865573225616373065e+00,-6.795476655262747134e-02,6.800000000000000488e-02,1.865527992169000226e+00,1.797618459063745622e+00,1.278947389438655213e-01
6.850000000000000533e-02,-1.864597487283031541e+00,-6.845371199571513576e-02,6.850000000000000533e-02,1.864551199278746463e+00,1.796143775287316391e+00,1.282549524016241005e-01
6.900000000000000577e-02,-1.863621950922914827e+00,-6.895264039890565411e-02,6.900000000000000577e-02,1.863574591321820684e+00,1.794669310524009243e+00,1.286163668787647374e-01
6.950000000000000622e-02,-1.862646616930472065e+00,-6.945155160123006599e-02,6.950000000000000622e-02,1.862598168531702347e+00,1.793195065329241888e+00,1.289789869467849737e-01
7.000000000000000666e-02,-1.861671485701162032e+00,-6.995044544109271789e-02,7.000000000000000666e-02,1.861621931142254827e+00,1.791721040260069397e+00,1.293428171962999196e-01
7.050000000000000711e-02,-1.860696557631456471e+00,-7.044932175627091619e-02,7.050000000000000711e-02,1.860645879387727408e+00,1.790247235875185527e+00,1.297078622371259926e-01
7.100000000000000755e-02,-1.859721833118839207e+00,-7.094818038391012549e-02,7.100000000000000755e-02,1.859670013502749075e+00,1.788773652734929165e+00,1.300741266983676536e-01
7.150000000000000799e-02,-1.858747312561814358e+00,-7.144702116052337182e-02,7.150000000000000799e-02,1.858694333722337166e+00,1.787300291401290986e+00,1.304416152284984254e-01
7.200000000000000844e-02,-1.857772996359903894e+00,-7.194584392198836997e-02,7.200000000000000844e-02,1.857718840281891826e+00,1.785827152437915455e+00,1.308103324954488500e-01
7.249999999999999500e-02,-1.856798884913657632e+00,-7.244464850354336016e-02,7.249999999999998113e-02,1.856743533417200887e+00,1.784354236410114369e+00,1.311802831866898389e-01
7.299999999999999545e-02,-1.855824978624651900e+00,-7.294343473978903702e-02,7.299999999999998157e-02,1.855768413364440983e+00,1.782881543884862863e+00,1.315514720093198808e-01
7.349999999999999589e-02,-1.854851277895490869e+00,-7.344220246468138869e-02,7.349999999999998201e-02,1.854793480360171998e+00,1.781409075430809397e+00,1.319239036901495576e-01
7.399999999999999634e-02,-1.853877783129815660e+00,-7.394095151153211309e-02,7.399999999999998246e-02,1.853818734641347721e+00,1.779936831618283533e+00,1.322975829757895849e-01
7.449999999999999678e-02,-1.852904494732303009e+00,-7.443968171300503756e-02,7.449999999999998290e-02,1.852844176445308300e+00,1.778464813019297930e+00,1.326725146327358273e-01
7.499999999999999722e-02,-1.851931413108671043e+00,-7.493839290111445339e-02,7.499999999999998335e-02,1.851869806009785346e+00,1.776993020207556562e+00,1.330487034474580055e-01
7.549999999999999767e-02,-1.850958538665678388e+00,-7.543708490722184079e-02,7.549999999999998379e-02,1.850895623572900606e+00,1.775521453758456492e+00,1.334261542264865985e-01
7.599999999999999811e-02,-1.849985871811134164e+00,-7.593575756203414795e-02,7.599999999999998423e-02,1.849921629373168619e+00,1.774050114249100085e+00,1.338048717965000523e-01
7.649999999999999856e-02,-1.849013412953894653e+00,-7.643441069560059919e-02,7.649999999999998468e-02,1.848947823649495836e+00,1.772579002258294123e+00,1.341848610044147350e-01
7.699999999999999900e-02,-1.848041162503871071e+00,-7.693304413731157088e-02,7.699999999999998512e-02,1.847974206641182393e+00,1.771108118366559570e+00,1.345661267174718123e-01
7.749999999999999944e-02,-1.847069120872029568e+00,-7.743165771589376190e-02,7.749999999999998557e-02,1.847000778587923442e+00,1.769637463156135793e+00,1.349486738233269534e-01
7.799999999999999989e-02,-1.846097288470398334e+00,-7.793025125940999942e-02,7.799999999999998601e-02,1.846027539729808264e+00,1.768167037210988335e+00,1.353325072301397036e-01
7.850000000000000033e-02,-1.845125665712066043e+00,-7.842882459525581107e-02,7.849999999999998646e-02,1.845054490307322048e+00,1.766696841116810246e+00,1.357176318666640791e-01
7.900000000000000078e-02,-1.844154253011190514e+00,-7.892737755015669099e-02,7.899999999999998690e-02,1.844081630561346774e+00,1.765226875461033851e+00,1.361040526823364405e-01
7.950000000000000122e-02,-1.843183050782995824e+00,-7.942590995016550470e-02,7.949999999999998734e-02,1.843108960733160995e+00,1.763757140832830306e+00,1.364917746473687521e-01
8.000000000000000167e-02,-1.842212059443783634e+00,-7.992442162066101807e-02,7.999999999999998779e-02,1.842136481064444720e+00,1.762287637823122699e+00,1.368808027528373439e-01
8.050000000000000211e-02,-1.841241279410928744e+00,-8.042291238634390049e-02,8.049999999999998823e-02,1.841164191797272309e+00,1.760818367024584941e+00,1.372711420107752267e-01
8.100000000000000255e-02,-1.840270711102887313e+00,-8.092138207123515670e-02,8.099999999999998868e-02,1.840192093174122245e+00,1.759349329031652198e+00,1.376627974542636024e-01
8.150000000000000300e-02,-1.839300354939196636e+00,-8.141983049867328182e-02,8.149999999999998912e-02,1.839220185437869581e+00,1.757880524440523340e+00,1.380557741375240677e-01
8.200000000000000344e-02,-1.838330211340483356e+00,-8.191825749131155521e-02,8.199999999999998956e-02,1.838248468831795490e+00,1.756411953849171814e+00,1.384500771360101801e-01
8.250000000000000389e-02,-1.837360280728463913e+00,-8.241666287111555633e-02,8.249999999999999001e-02,1.837276943599579493e+00,1.754943617857348315e+00,1.388457115465009384e-01
8.300000000000000433e-02,-1.836390563525944541e+00,-8.291504645936075002e-02,8.299999999999999045e-02,1.836305609985305676e+00,1.753475517066583889e+00,1.392426824871944580e-01
8.350000000000000477e-02,-1.835421060156833262e+00,-8.341340807662926682e-02,8.349999999999999090e-02,1.835334468233462690e+00,1.752007652080203925e+00,1.396409950978001469e-01
8.400000000000000522e-02,-1.834451771046135438e+00,-8.391174754280839032e-02,8.399999999999996358e-02,1.834363518588943753e+00,1.750540023503327047e+00,1.400406545396339630e-01
8.450000000000000566e-02,-1.833482696619959773e+00,-8.441006467708661587e-02,8.449999999999999178e-02,1.833392761297046425e+00,1.749072631942873102e+00,1.404416659957127556e-01
8.500000000000000611e-02,-1.832513837305524973e+00,-8.490835929795199910e-02,8.499999999999999223e-02,1.832422196603477049e+00,1.747605478007572932e+00,1.408440346708472735e-01
8.550000000000000655e-02,-1.831545193531156634e+00,-8.540663122318919998e-02,8.549999999999999267e-02,1.831451824754346092e+00,1.746138562307967490e+00,1.412477657917402540e-01
8.600000000000000699e-02,-1.830576765726297683e+00,-8.590488026987666559e-02,8.599999999999999312e-02,1.830481645996173912e+00,1.744671885456420934e+00,1.416528646070794317e-01
8.650000000000000744e-02,-1.829608554321507041e+00,-8.640310625438396563e-02,8.649999999999999356e-02,1.829511660575890986e+00,1.743205448067123076e+00,1.420593363876334891e-01
8.700000000000000788e-02,-1.828640559748465844e+00,-8.690130899236989115e-02,8.699999999999999400e-02,1.828541868740835907e+00,1.741739250756096036e+00,1.424671864263507004e-01
8.750000000000000833e-02,-1.827672782439979215e+00,-8.739948829877815240e-02,8.749999999999999445e-02,1.827572270738756721e+00,1.740273294141201132e+00,1.428764200384532168e-01
8.799999999999999489e-02,-1.826705222829980046e+00,-8.789764398783637966e-02,8.800000000000000877e-02,1.826602866817815807e+00,1.738807578842143764e+00,1.432870425615356547e-01
8.849999999999999534e-02,-1.825737881353532321e+00,-8.839577587305212647e-02,8.849999999999998146e-02,1.825633657226584994e+00,1.737342105480480292e+00,1.436990593556623785e-01
8.899999999999999578e-02,-1.824770758446839336e+00,-8.889388376721142626e-02,8.899999999999995415e-02,1.824664642214050669e+00,1.735876874679627813e+00,1.441124758034640074e-01
8.949999999999999623e-02,-1.823803854547238146e+00,-8.939196748237468459e-02,8.949999999999998235e-02,1.823695822029613112e+00,1.734411887064863489e+00,1.445272973102377789e-01
8.999999999999999667e-02,-1.822837170093212666e+00,-8.989002682987476400e-02,9.000000000000001055e-02,1.822727196923087156e+00,1.732947143263337875e+00,1.449435293040450268e-01
9.049999999999999711e-02,-1.821870705524388789e+00,-9.038806162031413904e-02,9.049999999999998324e-02,1.821758767144702862e+00,1.731482643904074692e+00,1.453611772358108789e-01
9.099999999999999756e-02,-1.820904461281545483e+00,-9.088607166356185707e-02,9.100000000000001144e-02,1.820790532945107065e+00,1.730018389617983710e+00,1.457802465794227342e-01
9.149999999999999800e-02,-1.819938437806613463e+00,-9.138405676875166472e-02,9.149999999999998412e-02,1.819822494575365379e+00,1.728554381037861853e+00,1.462007428318329860e-01
9.199999999999999845e-02,-1.818972635542682070e+00,-9.188201674427745602e-02,9.200000000000001232e-02,1.818854652286959528e+00,1.727090618798404531e+00,1.466226715131543346e-01
9.249999999999999889e-02,-1.818007054933997280e+00,-9.237995139779195397e-02,9.249999999999998501e-02,1.817887006331789346e+00,1.725627103536205409e+00,1.470460381667664795e-01
9.299999999999999933e-02,-1.817041696425973907e+00,-9.287786053620399052e-02,9.300000000000001321e-02,1.816919556962177884e+00,1.724163835889769958e+00,1.474708483594122932e-01
9.349999999999999978e-02,-1.816076560465192502e+00,-9.337574396567463464e-02,9.349999999999998590e-02,1.815952304430866970e+00,1.722700816499517895e+00,1.478971076813030416e-01
9.400000000000000022e-02,-1.815111647499404235e+00,-9.387360149161441680e-02,9.400000000000001410e-02,1.814985248991018540e+00,1.721238046007789846e+00,1.483248217462176388e-01
9.450000000000000067e-02,-1.814146957977539332e+00,-9.437143291868220485e-02,9.449999999999998679e-02,1.814018390896221300e+00,1.719775525058857113e+00,1.487539961916063691e-01
9.500000000000000111e-02,-1.813182492349701747e+00,-9.486923805078069372e-02,9.500000000000001499e-02,1.813051730400482731e+00,1.718313254298921011e+00,1.491846366786942490e-01
9.550000000000000155e-02,-1.812218251067184038e+00,-9.536701669105336621e-02,9.549999999999998768e-02,1.812085267758237084e+00,1.716851234376130630e+00,1.496167488925821687e-01
9.600000000000000200e-02,-1.811254234582461153e+00,-9.586476864188295255e-02,9.600000000000001588e-02,1.811119003224344048e+00,1.715389465940578173e+00,1.500503385423534730e-01
9.650000000000000244e-02,-1.810290443349199085e+00,-9.636249370488726707e-02,9.649999999999998856e-02,1.810152937054086753e+00,1.713927949644311832e+00,1.504854113611751865e-01
9.700000000000000289e-02,-1.809326877822259094e+00,-9.686019168091768161e-02,9.700000000000001676e-02,1.809187069503177092e+00,1.712466686141341343e+00,1.509219731064038450e-01
9.750000000000000333e-02,-1.808363538457699704e+00,-9.735786237005404631e-02,9.749999999999998945e-02,1.808221400827753289e+00,1.711005676087645755e+00,1.513600295596904954e-01
9.800000000000000377e-02,-1.807400425712779368e+00,-9.785550557160463403e-02,9.800000000000001765e-02,1.807255931284383887e+00,1.709544920141174762e+00,1.517995865270855282e-01
9.850000000000000422e-02,-1.806437540045966017e+00,-9.835312108410097787e-02,9.849999999999999034e-02,1.806290661130066866e+00,1.708084418961865136e+00,1.522406498391448704e-01
9.900000000000000466e-02,-1.805474881916933061e+00,-9.885070870529542864e-02,9.900000000000001854e-02,1.805325590622228082e+00,1.706624173211637618e+00,1.526832253510350956e-01
9.950000000000000511e-02,-1.804512451786568272e+00,-9.934826823215889280e-02,9.949999999999999123e-02,1.804360720018726827e+00,1.705164183554409352e+00,1.531273189426417547e-01
1.000000000000000056e-01,-1.803550250116977116e+00,-9.984579946087727975e-02,1.000000000000000194e-01,1.803396049577854265e+00,1.703704450656099878e+00,1.535729365186742079e-01
1.005000000000000060e-01,-1.802588277371484082e+00,-1.003433021868486985e-01,1.004999999999999921e-01,1.802431579558332553e+00,1.702244975184635356e+00,1.540200840087754264e-01
1.010000000000000064e-01,-1.801626534014640457e+00,-1.008407762046801825e-01,1.010000000000000203e-01,1.801467310219320606e+00,1.700785757809960330e+00,1.544687673676272133e-01
1.015000000000000069e-01,-1.800665020512223879e+00,-1.013382213081853028e-01,1.014999999999999930e-01,1.800503241820409661e+00,1.699326799204038618e+00,1.549189925750611152e-01
1.020000000000000073e-01,-1.799703737331247888e+00,-1.018356372903805457e-01,1.019999999999999657e-01,1.799539374621628385e+00,1.697868100040867301e+00,1.553707656361644762e-01
1.025000000000000078e-01,-1.798742684939957481e+00,-1.023330239434823569e-01,1.024999999999999939e-01,1.798575708883439539e+00,1.696409660996475166e+00,1.558240925813923483e-01
1.030000000000000082e-01,-1.797781863807844216e+00,-1.028303810589047407e-01,1.029999999999999666e-01,1.797612244866749087e+00,1.694951482748939586e+00,1.562789794666736010e-01
1.035000000000000087e-01,-1.796821274405637769e+00,-1.033277084272554158e-01,1.034999999999999948e-01,1.796648982832893093e+00,1.693493565978382298e+00,1.567354323735251631e-01
1.040000000000000091e-01,-1.795860917205320151e+00,-1.038250058383332758e-01,1.040000000000000230e-01,1.795685923043653931e+00,1.692035911366986944e+00,1.571934574091584103e-01
1.044999999999999957e-01,-1.794900792680122592e+00,-1.043222730811246141e-01,1.045000000000000095e-01,1.794723065761247405e+00,1.690578519598997964e+00,1.576530607065926570e-01
1.049999999999999961e-01,-1.793940901304536428e+00,-1.048195099438020556e-01,1.050000000000000100e-01,1.793760411248338293e+00,1.689121391360734359e+00,1.581142484247647084e-01
1.054999999999999966e-01,-1.792981243554309101e+00,-1.053167162137180063e-01,1.055000000000000104e-01,1.792797959768027249e+00,1.687664527340591025e+00,1.585770267486423801e-01
1.059999999999999970e-01,-1.792021819906454816e+00,-1.058138916774048199e-01,1.060000000000000109e-01,1.791835711583860125e+00,1.686207928229050079e+00,1.590414018893346049e-01
1.064999999999999974e-01,-1.791062630839255876e+00,-1.063110361205696908e-01,1.065000000000000113e-01,1.790873666959825750e+00,1.684751594718686185e+00,1.595073800842050360e-01
1.069999999999999979e-01,-1.790103676832265789e+00,-1.068081493280932243e-01,1.070000000000000118e-01,1.789911826160358821e+00,1.683295527504172551e+00,1.599749675969860951e-01
1.074999999999999983e-01,-1.789144958366314819e+00,-1.073052310840235252e-01,1.075000000000000122e-01,1.788950189450337902e+00,1.681839727282291364e+00,1.604441707178894116e-01
1.079999999999999988e-01,-1.788186475923514207e+00,-1.078022811715765722e-01,1.080000000000000127e-01,1.787988757095090531e+00,1.680384194751937565e+00,1.609149957637236450e-01
1.084999999999999992e-01,-1.787228229987259276e+00,-1.082992993731302506e-01,1.085000000000000131e-01,1.787027529360389222e+00,1.678928930614129067e+00,1.613874490780051185e-01
1.089999999999999997e-01,-1.786270221042233874e+00,-1.087962854702224369e-01,1.090000000000000135e-01,1.786066506512457019e+00,1.677473935572011410e+00,1.618615370310754753e-01
1.095000000000000001e-01,-1.785312449574414817e+00,-1.092932392435477934e-01,1.094999999999999862e-01,1.785105688817962832e+00,1.676019210330867093e+00,1.623372660202150042e-01
1.100000000000000006e-01,-1.784354916071076103e+00,-1.097901604729539654e-01,1.100000000000000144e-01,1.784145076544030317e+00,1.674564755598122234e+00,1.628146424697583527e-01
1.105000000000000010e-01,-1.783397621020792689e+00,-1.102870489374389168e-01,1.105000000000000149e-01,1.783184669958231439e+00,1.673110572083353675e+00,1.632936728312118779e-01
1.110000000000000014e-01,-1.782440564913444492e+00,-1.107839044151475855e-01,1.110000000000000153e-01,1.782224469328591798e+00,1.671656660498296976e+00,1.637743635833692202e-01
1.115000000000000019e-01,-1.781483748240218823e+00,-1.112807266833682057e-01,1.115000000000000158e-01,1.781264474923586416e+00,1.670203021556850631e+00,1.642567212324289871e-01
1.120000000000000023e-01,-1.780527171493620608e+00,-1.117775155185296854e-01,1.120000000000000162e-01,1.780304687012150389e+00,1.668749655975090951e+00,1.647407523121100781e-01
1.125000000000000028e-01,-1.779570835167469278e+00,-1.122742706961984138e-01,1.125000000000000167e-01,1.779345105863668008e+00,1.667296564471270948e+00,1.652264633837725871e-01
1.130000000000000032e-01,-1.778614739756909646e+00,-1.127709919910740988e-01,1.130000000000000171e-01,1.778385731747984089e+00,1.665843747765835658e+00,1.657138610365333775e-01
1.135000000000000037e-01,-1.777658885758407692e+00,-1.132676791769869074e-01,1.135000000000000175e-01,1.777426564935394637e+00,1.664391206581420812e+00,1.662029518873869571e-01
1.140000000000000041e-01,-1.776703273669763661e+00,-1.137643320268949543e-01,1.140000000000000180e-01,1.776467605696658847e+00,1.662938941642868595e+00,1.666937425813241058e-01
1.145000000000000046e-01,-1.775747903990112064e+00,-1.142609503128794585e-01,1.145000000000000184e-01,1.775508854302991546e+00,1.661486953677232536e+00,1.671862397914487819e-01
1.150000000000000050e-01,-1.774792777219925011e+00,-1.147575338061430084e-01,1.150000000000000189e-01,1.774550311026068083e+00,1.660035243413781947e+00,1.676804502191031609e-01
1.155000000000000054e-01,-1.773837893861019754e+00,-1.152540822770049683e-01,1.155000000000000193e-01,1.773591976138024995e+00,1.658583811584014800e+00,1.681763805939836265e-01
1.160000000000000059e-01,-1.772883254416560694e+00,-1.157505954948987587e-01,1.160000000000000198e-01,1.772633849911459558e+00,1.657132658921661950e+00,1.686740376742645320e-01
1.165000000000000063e-01,-1.771928859391061817e+00,-1.162470732283679836e-01,1.165000000000000202e-01,1.771675932619430238e+00,1.655681786162693792e+00,1.691734282467190764e-01
1.170000000000000068e-01,-1.770974709290397131e+00,-1.167435152450644748e-01,1.170000000000000207e-01,1.770718224535462237e+00,1.654231194045332698e+00,1.696745591268395970e-01
1.175000000000000072e-01,-1.770020804621798893e+00,-1.172399213117423927e-01,1.175000000000000211e-01,1.769760725933541723e+00,1.652780883310056570e+00,1.701774371589619417e-01
1.180000000000000077e-01,-1.769067145893865600e+00,-1.177362911942570062e-01,1.180000000000000215e-01,1.768803437088122710e+00,1.651330854699608608e+00,1.706820692163867892e-01
1.185000000000000081e-01,-1.768113733616563321e+00,-1.182326246575604312e-01,1.185000000000000220e-01,1.767846358274123508e+00,1.649881108959002862e+00,1.711884622015040214e-01
1.190000000000000085e-01,-1.767160568301234136e+00,-1.187289214656983560e-01,1.190000000000000224e-01,1.766889489766932275e+00,1.648431646835535780e+00,1.716966230459151810e-01
1.195000000000000090e-01,-1.766207650460597911e+00,-1.192251813818060169e-01,1.195000000000000229e-01,1.765932831842403905e+00,1.646982469078791977e+00,1.722065587105584827e-01
1.199999999999999956e-01,-1.765254980608755631e+00,-1.197214041681057689e-01,1.199999999999999956e-01,1.764976384776861362e+00,1.645533576440649792e+00,1.727182761858336024e-01
1.204999999999999960e-01,-1.764302559261197390e+00,-1.202175895859029647e-01,1.204999999999999960e-01,1.764020148847100344e+00,1.644084969675294383e+00,1.732317824917253835e-01
1.209999999999999964e-01,-1.763350386934803726e+00,-1.207137373955820825e-01,1.209999999999999964e-01,1.763064124330385951e+00,1.642636649539221727e+00,1.737470846779301248e-01
1.214999999999999969e-01,-1.762398464147851396e+00,-1.212098473566039364e-01,1.214999999999999969e-01,1.762108311504455349e+00,1.641188616791247501e+00,1.742641898239822851e-01
1.219999999999999973e-01,-1.761446791420018698e+00,-1.217059192275022073e-01,1.219999999999999973e-01,1.761152710647520880e+00,1.639740872192516408e+00,1.747831050393797991e-01
1.224999999999999978e-01,-1.760495369272387034e+00,-1.222019527658794735e-01,1.224999999999999978e-01,1.760197322038266510e+00,1.638293416506507505e+00,1.753038374637101160e-01
1.229999999999999982e-01,-1.759544198227450007e+00,-1.226979477284035336e-01,1.229999999999999982e-01,1.759242145955853598e+00,1.636846250499046418e+00,1.758263942667804280e-01
1.234999999999999987e-01,-1.758593278809113425e+00,-1.231939038708046025e-01,1.234999999999999987e-01,1.758287182679918237e+00,1.635399374938308892e+00,1.763507826487419605e-01
1.239999999999999991e-01,-1.757642611542702404e+00,-1.236898209478706767e-01,1.239999999999999991e-01,1.757332432490573026e+00,1.633952790594831672e+00,1.768770098402205615e-01
1.244999999999999996e-01,-1.756692196954965146e+00,-1.241856987134447726e-01,1.244999999999999996e-01,1.756377895668409961e+00,1.632506498241520276e+00,1.774050831024444885e-01
1.250000000000000000e-01,-1.755742035574078486e+00,-1.246815369204211932e-01,1.250000000000000000e-01,1.755423572494499540e+00,1.631060498653657209e+00,1.779350097273730558e-01
1.255000000000000004e-01,-1.754792127929652112e+00,-1.251773353207413231e-01,1.255000000000000004e-01,1.754469463250393435e+00,1.629614792608910845e+00,1.784667970378264745e-01
1.260000000000000009e-01,-1.753842474552730790e+00,-1.256730936653919217e-01,1.260000000000000009e-01,1.753515568218122267e+00,1.628169380887338757e+00,1.790004523876185527e-01
1.265000000000000013e-01,-1.752893075975803017e+00,-1.261688117043980317e-01,1.265000000000000013e-01,1.752561887680200714e+00,1.626724264271405040e+00,1.795359831616807345e-01
1.270000000000000018e-01,-1.751943932732803466e+00,-1.266644891868224376e-01,1.270000000000000018e-01,1.751608421919625291e+00,1.625279443545980973e+00,1.800733967762003229e-01
1.275000000000000022e-01,-1.750995045359116986e+00,-1.271601258607609197e-01,1.274999999999999467e-01,1.750655171219877904e+00,1.623834919498356122e+00,1.806127006787469069e-01
1.280000000000000027e-01,-1.750046414391586147e+00,-1.276557214733380630e-01,1.280000000000000027e-01,1.749702135864924069e+00,1.622390692918248112e+00,1.811539023484061151e-01
1.285000000000000031e-01,-1.749098040368510798e+00,-1.281512757707044814e-01,1.285000000000000031e-01,1.748749316139215360e+00,1.620946764597806400e+00,1.816970092959121763e-01
1.290000000000000036e-01,-1.748149923829660946e+00,-1.286467884980324050e-01,1.290000000000000036e-01,1.747796712327693403e+00,1.619503135331628485e+00,1.822420290637790374e-01
1.295000000000000040e-01,-1.747202065316271868e+00,-1.291422593995120993e-01,1.294999999999999485e-01,1.746844324715784325e+00,1.618059805916759686e+00,1.827889692264354771e-01
1.300000000000000044e-01,-1.746254465371056330e+00,-1.296376882183484514e-01,1.300000000000000044e-01,1.745892153589404749e+00,1.616616777152707796e+00,1.833378373903579717e-01
1.305000000000000049e-01,-1.745307124538205246e+00,-1.301330746967568619e-01,1.305000000000000049e-01,1.744940199234961797e+00,1.615174049841448412e+00,1.838886411942045884e-01
1.310000000000000053e-01,-1.744360043363395452e+00,-1.306284185759595817e-01,1.310000000000000053e-01,1.743988461939355084e+00,1.613731624787435814e+00,1.844413883089493778e-01
1.315000000000000058e-01,-1.743413222393791484e+00,-1.311237195961817426e-01,1.315000000000000058e-01,1.743036941989973387e+00,1.612289502797609853e+00,1.849960864380180425e-01
1.320000000000000062e-01,-1.742466662178052905e+00,-1.316189774966484427e-01,1.320000000000000062e-01,1.742085639674701092e+00,1.610847684681404379e+00,1.855527433174235241e-01
1.325000000000000067e-01,-1.741520363266336968e+00,-1.321141920155792515e-01,1.325000000000000067e-01,1.741134555281916185e+00,1.609406171250757689e+00,1.861113667159008112e-01
1.330000000000000071e-01,-1.740574326210305722e+00,-1.326093628901863219e-01,1.330000000000000071e-01,1.740183689100492259e+00,1.607964963320119400e+00,1.866719644350453289e-01
1.335000000000000075e-01,-1.739628551563130010e+00,-1.331044898566681456e-01,1.335000000000000075e-01,1.739233041419798065e+00,1.606524061706461781e+00,1.872345443094463047e-01
1.340000000000000080e-01,-1.738683039879493020e+00,-1.335995726502089975e-01,1.340000000000000080e-01,1.738282612529702398e+00,1.605083467229283967e+00,1.877991142068289043e-01
1.345000000000000084e-01,-1.737737791715596947e+00,-1.340946110049720807e-01,1.345000000000000084e-01,1.737332402720569213e+00,1.603643180710624838e+00,1.883656820281877642e-01
1.350000000000000089e-01,-1.736792807629167434e+00,-1.345896046540966673e-01,1.350000000000000089e-01,1.736382412283263399e+00,1.602203202975070795e+00,1.889342557079274620e-01
1.355000000000000093e-01,-1.735848088179458459e+00,-1.350845533296949341e-01,1.355000000000000093e-01,1.735432641509153662e+00,1.600763534849763525e+00,1.895048432140001016e-01
1.360000000000000098e-01,-1.734903633927256106e+00,-1.355794567628466896e-01,1.360000000000000098e-01,1.734483090690103424e+00,1.599324177164409333e+00,1.900774525480451727e-01
1.365000000000000102e-01,-1.733959445434886781e+00,-1.360743146835961259e-01,1.365000000000000102e-01,1.733533760118483258e+00,1.597885130751290683e+00,1.906520917455280795e-01
1.370000000000000107e-01,-1.733015523266219216e+00,-1.365691268209494325e-01,1.370000000000000107e-01,1.732584650087169109e+00,1.596446396445269755e+00,1.912287688758830817e-01
1.375000000000000111e-01,-1.732071867986669123e+00,-1.370638929028668018e-01,1.375000000000000111e-01,1.731635760889535858e+00,1.595007975083802432e+00,1.918074920426491858e-01
1.380000000000000115e-01,-1.731128480163207417e+00,-1.375586126562628186e-01,1.380000000000000115e-01,1.730687092819469974e+00,1.593569867506944515e+00,1.923882693836144187e-01
1.385000000000000120e-01,-1.730185360364361991e+00,-1.380532858069994651e-01,1.385000000000000120e-01,1.729738646171361971e+00,1.592132074557362609e+00,1.929711090709559929e-01
1.390000000000000124e-01,-1.729242509160225261e+00,-1.385479120798839281e-01,1.389999999999999847e-01,1.728790421240109287e+00,1.590694597080341222e+00,1.935560193113834149e-01
1.395000000000000129e-01,-1.728299927122457724e+00,-1.390424911986633538e-01,1.395000000000000129e-01,1.727842418321121176e+00,1.589257435923794315e+00,1.941430083462782619e-01
1.400000000000000133e-01,-1.727357614824293064e+00,-1.395370228860216277e-01,1.400000000000000133e-01,1.726894637710314484e+00,1.587820591938271519e+00,1.947320844518385941e-01
1.405000000000000138e-01,-1.726415572840543255e+00,-1.400315068635750171e-01,1.405000000000000138e-01,1.725947079704118092e+00,1.586384065976968127e+00,1.953232559392234502e-01
1.410000000000000142e-01,-1.725473801747607006e+00,-1.405259428518676745e-01,1.410000000000000142e-01,1.724999744599474472e+00,1.584947858895739303e+00,1.959165311546935129e-01
1.415000000000000147e-01,-1.724532302123468863e+00,-1.410203305703685572e-01,1.415000000000000147e-01,1.724052632693837239e+00,1.583511971553100306e+00,1.965119184797565199e-01
1.420000000000000151e-01,-1.723591074547709212e+00,-1.415146697374662088e-01,1.420000000000000151e-01,1.723105744285175378e+00,1.582076404810242920e+00,1.971094263313133421e-01
1.425000000000000155e-01,-1.722650119601507379e+00,-1.420089600704647903e-01,1.425000000000000155e-01,1.722159079671972570e+00,1.580641159531042561e+00,1.977090631617990646e-01
1.430000000000000160e-01,-1.721709437867648518e+00,-1.425032012855820540e-01,1.430000000000000160e-01,1.721212639153230084e+00,1.579206236582066492e+00,1.983108374593325895e-01
1.435000000000000164e-01,-1.720769029930525829e+00,-1.429973930979404895e-01,1.434999999999999609e-01,1.720266423028466107e+00,1.577771636832585367e+00,1.989147577478595774e-01
1.440000000000000169e-01,-1.719828896376147220e+00,-1.434915352215691275e-01,1.440000000000000169e-01,1.719320431597716858e+00,1.576337361154578121e+00,1.995208325873018829e-01
1.444999999999999896e-01,-1.718889037792145080e+00,-1.439856273693946587e-01,1.445000000000000173e-01,1.718374665161539694e+00,1.574903410422750394e+00,2.001290705736995801e-01
1.449999999999999900e-01,-1.717949454767773387e+00,-1.444796692532388516e-01,1.449999999999999623e-01,1.717429124021012665e+00,1.573469785514534536e+00,2.007394803393615645e-01
1.454999999999999905e-01,-1.717010147893919481e+00,-1.449736605838154169e-01,1.455000000000000182e-01,1.716483808477735185e+00,1.572036487310104036e+00,2.013520705530134070e-01
1.459999999999999909e-01,-1.716071117763104947e+00,-1.454676010707235678e-01,1.459999999999999631e-01,1.715538718833828913e+00,1.570603516692381296e+00,2.019668499199434586e-01
1.464999999999999913e-01,-1.715132364969495837e+00,-1.459614904224455223e-01,1.465000000000000191e-01,1.714593855391941535e+00,1.569170874547050287e+00,2.025838271821514269e-01
1.469999999999999918e-01,-1.714193890108902885e+00,-1.464553283463420896e-01,1.469999999999999640e-01,1.713649218455245204e+00,1.567738561762560767e+00,2.032030111185000321e-01
1.474999999999999922e-01,-1.713255693778790167e+00,-1.469491145486470640e-01,1.475000000000000200e-01,1.712704808327437878e+00,1.566306579230143159e+00,2.038244105448611676e-01
1.479999999999999927e-01,-1.712317776578280659e+00,-1.474428487344641714e-01,1.479999999999999649e-01,1.711760625312744644e+00,1.564874927843816543e+00,2.044480343142663636e-01
1.484999999999999931e-01,-1.711380139108158449e+00,-1.479365306077629338e-01,1.485000000000000209e-01,1.710816669715921501e+00,1.563443608500395543e+00,2.050738913170592204e-01
1.489999999999999936e-01,-1.710442781970878956e+00,-1.484301598713729242e-01,1.489999999999999658e-01,1.709872941842251803e+00,1.562012622099506087e+00,2.057019904810425959e-01
1.494999999999999940e-01,-1.709505705770570261e+00,-1.489237362269811848e-01,1.495000000000000218e-01,1.708929441997551368e+00,1.560581969543588965e+00,2.063323407716324276e-01
1.499999999999999944e-01,-1.708568911113039102e+00,-1.494172593751262046e-01,1.499999999999999667e-01,1.707986170488165589e+00,1.559151651737912925e+00,2.069649511920082230e-01
1.504999999999999949e-01,-1.707632398605780422e+00,-1.499107290151949212e-01,1.505000000000000226e-01,1.707043127620975653e+00,1.557721669590585556e+00,2.075998307832642720e-01
1.509999999999999953e-01,-1.706696168857977147e+00,-1.504041448454175034e-01,1.509999999999999676e-01,1.706100313703394544e+00,1.556292024012559727e+00,2.082369886245643009e-01
1.514999999999999958e-01,-1.705760222480510180e+00,-1.508975065628629098e-01,1.515000000000000235e-01,1.705157729043372816e+00,1.554862715917647353e+00,2.088764338332910198e-01
1.519999999999999962e-01,-1.704824560085960394e+00,-1.513908138634350586e-01,1.519999999999999685e-01,1.704215373949395484e+00,1.553433746222525391e+00,2.095181755652014977e-01
1.524999999999999967e-01,-1.703889182288618409e+00,-1.518840664418683872e-01,1.525000000000000244e-01,1.703273248730486911e+00,1.552005115846750050e+00,2.101622230145812897e-01
1.529999999999999971e-01,-1.702954089704485696e+00,-1.523772639917218008e-01,1.529999999999999694e-01,1.702331353696208138e+00,1.550576825712763895e+00,2.108085854143947335e-01
1.534999999999999976e-01,-1.702019282951284129e+00,-1.528704062053767576e-01,1.535000000000000253e-01,1.701389689156660667e+00,1.549148876745907399e+00,2.114572720364447378e-01
1.539999999999999980e-01,-1.701084762648457982e+00,-1.533634927740310239e-01,1.539999999999999702e-01,1.700448255422489119e+00,1.547721269874426930e+00,2.121082921915248831e-01
1.544999999999999984e-01,-1.700150529417183698e+00,-1.538565233876938443e-01,1.545000000000000262e-01,1.699507052804877683e+00,1.546294006029489854e+00,2.127616552295722441e-01
1.549999999999999989e-01,-1.699216583880370557e+00,-1.543494977351831388e-01,1.549999999999999711e-01,1.698566081615554113e+00,1.544867086145187418e+00,2.134173705398281218e-01
1.554999999999999993e-01,-1.698282926662672665e+00,-1.548424155041194239e-01,1.555000000000000271e-01,1.697625342166791729e+00,1.543440511158553186e+00,2.140754475509897559e-01
1.559999999999999998e-01,-1.697349558390486290e+00,-1.553352763809220938e-01,1.559999999999999720e-01,1.696684834771408301e+00,1.542014282009564141e+00,2.147358957313706962e-01
1.565000000000000002e-01,-1.696416479691966073e+00,-1.558280800508039521e-01,1.565000000000000280e-01,1.695744559742769830e+00,1.540588399641162010e+00,2.153987245890533198e-01
1.570000000000000007e-01,-1.695483691197019249e+00,-1.563208261977680480e-01,1.569999999999999729e-01,1.694804517394786991e+00,1.539162864999251257e+00,2.160639436720498963e-01
1.575000000000000011e-01,-1.694551193537322753e+00,-1.568135145046009593e-01,1.575000000000000289e-01,1.693864708041923572e+00,1.537737679032721738e+00,2.167315625684583524e-01
1.580000000000000016e-01,-1.693618987346319660e+00,-1.573061446528708496e-01,1.579999999999999738e-01,1.692925131999190036e+00,1.536312842693448921e+00,2.174015909066203678e-01
1.585000000000000020e-01,-1.692687073259231623e+00,-1.577987163229201684e-01,1.585000000000000298e-01,1.691985789582151511e+00,1.534888356936311427e+00,2.180740383552807471e-01
1.590000000000000024e-01,-1.691755451913059760e+00,-1.582912291938626537e-01,1.589999999999999747e-01,1.691046681106922023e+00,1.533464222719197023e+00,2.187489146237456272e-01
1.595000000000000029e-01,-1.690824123946594204e+00,-1.587836829435787522e-01,1.595000000000000306e-01,1.690107806890172926e+00,1.532040441003015507e+00,2.194262294620425158e-01
1.600000000000000033e-01,-1.689893090000417653e+00,-1.592760772487080978e-01,1.599999999999999756e-01,1.689169167249125580e+00,1.530617012751709582e+00,2.201059926610768602e-01
1.605000000000000038e-01,-1.688962350716912697e+00,-1.597684117846501772e-01,1.605000000000000315e-01,1.688230762501563342e+00,1.529193938932262409e+00,2.207882140527983039e-01
1.610000000000000042e-01,-1.688031906740268040e+00,-1.602606862255540054e-01,1.609999999999999765e-01,1.687292592965822458e+00,1.527771220514714035e+00,2.214729035103538690e-01
1.615000000000000047e-01,-1.687101758716482047e+00,-1.607529002443169319e-01,1.615000000000000324e-01,1.686354658960798725e+00,1.526348858472165171e+00,2.221600709482535740e-01
1.620000000000000051e-01,-1.686171907293370964e+00,-1.612450535125779238e-01,1.619999999999999774e-01,1.685416960805948605e+00,1.524926853780792957e+00,2.228497263225300840e-01
1.625000000000000056e-01,-1.685242353120574244e+00,-1.617371457007142077e-01,1.625000000000000333e-01,1.684479498821288335e+00,1.523505207419860064e+00,2.235418796309001088e-01
1.630000000000000060e-01,-1.684313096849558988e+00,-1.622291764778354684e-01,1.629999999999999782e-01,1.683542273327394145e+00,1.522083920371723575e+00,2.242365409129263298e-01
1.635000000000000064e-01,-1.683384139133630386e+00,-1.627211455117794081e-01,1.635000000000000342e-01,1.682605284645410038e+00,1.520662993621850978e+00,2.249337202501805466e-01
1.640000000000000069e-01,-1.682455480627932598e+00,-1.632130524691071394e-01,1.639999999999999791e-01,1.681668533097040008e+00,1.519242428158825486e+00,2.256334277664032439e-01
1.645000000000000073e-01,-1.681527121989457640e+00,-1.637048970150974114e-01,1.645000000000000351e-01,1.680732019004555156e+00,1.517822224974360257e+00,2.263356736276718739e-01
1.650000000000000078e-01,-1.680599063877051380e+00,-1.641966788137427802e-01,1.649999999999999800e-01,1.679795742690794125e+00,1.516402385063308600e+00,2.270404680425583133e-01
1.655000000000000082e-01,-1.679671306951417975e+00,-1.646883975277440015e-01,1.655000000000000360e-01,1.678859704479161996e+00,1.514982909423673973e+00,2.277478212622975340e-01
1.660000000000000087e-01,-1.678743851875128090e+00,-1.651800528185055905e-01,1.659999999999999809e-01,1.677923904693634061e+00,1.513563799056622416e+00,2.284577435809481694e-01
1.665000000000000091e-01,-1.677816699312625781e+00,-1.656716443461309640e-01,1.665000000000000369e-01,1.676988343658756264e+00,1.512145054966494762e+00,2.291702453355572433e-01
1.670000000000000095e-01,-1.676889849930227827e+00,-1.661631717694154464e-01,1.669999999999999818e-01,1.676053021699643653e+00,1.510726678160812408e+00,2.298853369063280916e-01
1.675000000000000100e-01,-1.675963304396141274e+00,-1.666546347458457145e-01,1.675000000000000377e-01,1.675117939141986811e+00,1.509308669650295531e+00,2.306030287167806225e-01
1.680000000000000104e-01,-1.675037063380458990e+00,-1.671460329315901661e-01,1.679999999999999827e-01,1.674183096312049202e+00,1.507891030448868852e+00,2.313233312339220693e-01
1.685000000000000109e-01,-1.674111127555172995e+00,-1.676373659814965056e-01,1.685000000000000386e-01,1.673248493536669379e+00,1.506473761573676518e+00,2.320462549684064735e-01
1.690000000000000113e-01,-1.673185497594177118e+00,-1.681286335490850548e-01,1.689999999999999836e-01,1.672314131143261884e+00,1.505056864045092091e+00,2.327718104747051597e-01
1.695000000000000118e-01,-1.672260174173274105e+00,-1.686198352865464489e-01,1.695000000000000395e-01,1.671380009459820570e+00,1.503640338886727656e+00,2.335000083512729085e-01
1.700000000000000122e-01,-1.671335157970182062e+00,-1.691109708447334492e-01,1.699999999999999845e-01,1.670446128814915276e+00,1.502224187125448696e+00,2.342308592407126022e-01
1.705000000000000127e-01,-1.670410449664541774e+00,-1.696020398731579171e-01,1.705000000000000404e-01,1.669512489537699595e+00,1.500808409791383857e+00,2.349643738299431461e-01
1.710000000000000131e-01,-1.669486049937920491e+00,-1.700930420199843751e-01,1.709999999999999853e-01,1.668579091957905103e+00,1.499393007917936060e+00,2.357005628503677230e-01
1.715000000000000135e-01,-1.668561959473821688e+00,-1.705839769320263155e-01,1.715000000000000413e-01,1.667645936405848239e+00,1.497977982541795372e+00,2.364394370780389110e-01
1.720000000000000140e-01,-1.667638178957687733e+00,-1.710748442547390391e-01,1.719999999999999862e-01,1.666713023212426315e+00,1.496563334702948778e+00,2.371810073338293245e-01
1.725000000000000144e-01,-1.666714709076909218e+00,-1.715656436322166856e-01,1.724999999999999867e-01,1.665780352709125944e+00,1.495149065444692615e+00,2.379252844835985925e-01
1.730000000000000149e-01,-1.665791550520829611e+00,-1.720563747071857386e-01,1.729999999999999871e-01,1.664847925228015502e+00,1.493735175813643901e+00,2.386722794383613344e-01
1.735000000000000153e-01,-1.664868703980755038e+00,-1.725470371210007514e-01,1.735000000000000431e-01,1.663915741101755996e+00,1.492321666859754314e+00,2.394220031544569138e-01
1.740000000000000158e-01,-1.663946170149954495e+00,-1.730376305136369919e-01,1.739999999999999880e-01,1.662983800663591527e+00,1.490908539636317531e+00,2.401744666337161382e-01
1.745000000000000162e-01,-1.663023949723672734e+00,-1.735281545236879996e-01,1.745000000000000440e-01,1.662052104247360163e+00,1.489495795199984762e+00,2.409296809236352865e-01
1.750000000000000167e-01,-1.662102043399131590e+00,-1.740186087883586197e-01,1.749999999999999889e-01,1.661120652187490165e+00,1.488083434610772970e+00,2.416876571175407828e-01
1.755000000000000171e-01,-1.661180451875542641e+00,-1.745089929434602005e-01,1.755000000000000449e-01,1.660189444819002880e+00,1.486671458932082412e+00,2.424484063547615864e-01
1.759999999999999898e-01,-1.660259175854105651e+00,-1.749993066234052652e-01,1.760000000000000175e-01,1.659258482477511398e+00,1.485259869230700414e+00,2.432119398207994720e-01
1.764999999999999902e-01,-1.659338216038023672e+00,-1.754895494612020157e-01,1.764999999999999902e-01,1.658327765499225448e+00,1.483848666576821573e+00,2.439782687474972289e-01
1.769999999999999907e-01,-1.658417573132502820e+00,-1.759797210884490593e-01,1.769999999999999629e-01,1.657397294220951833e+00,1.482437852044053761e+00,2.447474044132118554e-01
1.774999999999999911e-01,-1.657497247844762933e+00,-1.764698211353303847e-01,1.774999999999999911e-01,1.656467068980093549e+00,1.481027426709432548e+00,2.455193581429837291e-01
1.779999999999999916e-01,-1.656577240884042901e+00,-1.769598492306096726e-01,1.780000000000000193e-01,1.655537090114652221e+00,1.479617391653433200e+00,2.462941413087088305e-01
1.784999999999999920e-01,-1.655657552961607992e+00,-1.774498050016245776e-01,1.784999999999999920e-01,1.654607357963232106e+00,1.478207747959983331e+00,2.470717653293080240e-01
1.789999999999999925e-01,-1.654738184790753186e+00,-1.779396880742820930e-01,1.789999999999999647e-01,1.653677872865035869e+00,1.476798496716471121e+00,2.478522416709023624e-01
1.794999999999999929e-01,-1.653819137086817381e+00,-1.784294980730529445e-01,1.794999999999999929e-01,1.652748635159870361e+00,1.475389639013764409e+00,2.486355818469806189e-01
1.799999999999999933e-01,-1.652900410567180733e+00,-1.789192346209650397e-01,1.800000000000000211e-01,1.651819645188145946e+00,1.473981175946215583e+00,2.494217974185740649e-01
1.804999999999999938e-01,-1.651982005951279975e+00,-1.794088973395993880e-01,1.804999999999999938e-01,1.650890903290878953e+00,1.472573108611680670e+00,2.502108999944273604e-01
1.809999999999999942e-01,-1.651063923960607749e+00,-1.798984858490841610e-01,1.809999999999999665e-01,1.649962409809691888e+00,1.471165438111523560e+00,2.510029012311719154e-01
1.814999999999999947e-01,-1.650146165318726599e+00,-1.803879997680886416e-01,1.814999999999999947e-01,1.649034165086815218e+00,1.469758165550637985e+00,2.517978128334971699e-01
1.819999999999999951e-01,-1.649228730751269190e+00,-1.808774387138184780e-01,1.820000000000000229e-01,1.648106169465088255e+00,1.468351292037450628e+00,2.525956465543254259e-01
1.824999999999999956e-01,-1.648311620985950743e+00,-1.813668023020097164e-01,1.824999999999999956e-01,1.647178423287960269e+00,1.466944818683941110e+00,2.533964141949817117e-01
1.829999999999999960e-01,-1.647394836752571701e+00,-1.818560901469224722e-01,1.829999999999999682e-01,1.646250926899494038e+00,1.465538746605649312e+00,2.542001276053696412e-01
1.834999999999999964e-01,-1.646478378783025942e+00,-1.823453018613375720e-01,1.834999999999999964e-01,1.645323680644363407e+00,1.464133076921688481e+00,2.550067986841453860e-01
1.839999999999999969e-01,-1.645562247811310108e+00,-1.828344370565483101e-01,1.840000000000000246e-01,1.644396684867858616e+00,1.462727810754761881e+00,2.558164393788859292e-01
1.844999999999999973e-01,-1.644646444573527155e+00,-1.833234953423562297e-01,1.844999999999999973e-01,1.643469939915883415e+00,1.461322949231171009e+00,2.566290616862688112e-01
1.849999999999999978e-01,-1.643730969807894127e+00,-1.838124763270656270e-01,1.849999999999999700e-01,1.642543446134960172e+00,1.459918493480828472e+00,2.574446776522432145e-01
1.854999999999999982e-01,-1.642815824254751700e+00,-1.843013796174773067e-01,1.854999999999999982e-01,1.641617203872229203e+00,1.458514444637274421e+00,2.582632993722034365e-01
1.859999999999999987e-01,-1.641901008656566852e+00,-1.847902048188826418e-01,1.860000000000000264e-01,1.640691213475449439e+00,1.457110803837684099e+00,2.590849389911643041e-01
1.864999999999999991e-01,-1.640986523757943960e+00,-1.852789515350585225e-01,1.864999999999999991e-01,1.639765475293002428e+00,1.455707572222885382e+00,2.599096087039319825e-01
1.869999999999999996e-01,-1.640072370305629690e+00,-1.857676193682612498e-01,1.869999999999999718e-01,1.638839989673891218e+00,1.454304750937368329e+00,2.607373207552853289e-01
1.875000000000000000e-01,-1.639158549048521207e+00,-1.862562079192208453e-01,1.875000000000000000e-01,1.637914756967742136e+00,1.452902341129300279e+00,2.615680874401399847e-01
1.880000000000000004e-01,-1.638245060737671288e+00,-1.867447167871358338e-01,1.879999999999999172e-01,1.636989777524807232e+00,1.451500343950535399e+00,2.624019211037337818e-01
1.885000000000000009e-01,-1.637331906126296976e+00,-1.872331455696657210e-01,1.885000000000000009e-01,1.636065051695962724e+00,1.450098760556631339e+00,2.632388341417929434e-01
1.890000000000000013e-01,-1.636419085969788245e+00,-1.877214938629278018e-01,1.889999999999999736e-01,1.635140579832716323e+00,1.448697592106860554e+00,2.640788390007115516e-01
1.895000000000000018e-01,-1.635506601025713103e+00,-1.882097612614884730e-01,1.895000000000000018e-01,1.634216362287201463e+00,1.447296839764224519e+00,2.649219481777232432e-01
1.900000000000000022e-01,-1.634594452053823144e+00,-1.886979473583597355e-01,1.900000000000000300e-01,1.633292399412182405e+00,1.445896504695463491e+00,2.657681742210787346e-01
1.905000000000000027e-01,-1.633682639816065318e+00,-1.891860517449911183e-01,1.905000000000000027e-01,1.632368691561056462e+00,1.444496588071074283e+00,2.666175297302184610e-01
1.910000000000000031e-01,-1.632771165076585484e+00,-1.896740740112664581e-01,1.909999999999999754e-01,1.631445239087851551e+00,1.443097091065319137e+00,2.674700273559488806e-01
1.915000000000000036e-01,-1.631860028601737511e+00,-1.901620137454957393e-01,1.915000000000000036e-01,1.630522042347233302e+00,1.441698014856241716e+00,2.683256798006160015e-01
1.920000000000000040e-01,-1.630949231160090829e+00,-1.906498705344099043e-01,1.919999999999999207e-01,1.629599101694500396e+00,1.440299360625680869e+00,2.691844998182828519e-01
1.925000000000000044e-01,-1.630038773522434425e+00,-1.911376439631547464e-01,1.924999999999999489e-01,1.628676417485589223e+00,1.438901129559279735e+00,2.700465002149013971e-01
1.930000000000000049e-01,-1.629128656461789060e+00,-1.916253336152851372e-01,1.929999999999999216e-01,1.627753990077074331e+00,1.437503322846503950e+00,2.709116938484895654e-01
1.935000000000000053e-01,-1.628218880753411479e+00,-1.921129390727591146e-01,1.935000000000000053e-01,1.626831819826170866e+00,1.436105941680652309e+00,2.717800936293064407e-01
1.940000000000000058e-01,-1.627309447174804635e+00,-1.926004599159313047e-01,1.940000000000000335e-01,1.625909907090735462e+00,1.434708987258873414e+00,2.726517125200247360e-01
1.945000000000000062e-01,-1.626400356505719014e+00,-1.930878957235472870e-01,1.945000000000000062e-01,1.624988252229266461e+00,1.433312460782171671e+00,2.735265635359087621e-01
1.950000000000000067e-01,-1.625491609528166848e+00,-1.935752460727373780e-01,1.949999999999999789e-01,1.624066855600904358e+00,1.431916363455429497e+00,2.744046597449893987e-01
1.955000000000000071e-01,-1.624583207026427889e+00,-1.940625105390111349e-01,1.955000000000000071e-01,1.623145717565438906e+00,1.430520696487416643e+00,2.752860142682361788e-01
1.960000000000000075e-01,-1.623675149787054073e+00,-1.945496886962498062e-01,1.960000000000000353e-01,1.622224838483303788e+00,1.429125461090804183e+00,2.761706402797336479e-01
1.965000000000000080e-01,-1.622767438598879064e+00,-1.950367801167018078e-01,1.965000000000000080e-01,1.621304218715580614e+00,1.427730658482177173e+00,2.770585510068582780e-01
1.970000000000000084e-01,-1.621860074253027584e+00,-1.955237843709752288e-01,1.969999999999999252e-01,1.620383858624003359e+00,1.426336289882052411e+00,2.779497597304483869e-01
1.975000000000000089e-01,-1.620953057542919851e+00,-1.960107010280328077e-01,1.974999999999999534e-01,1.619463758570952372e+00,1.424942356514887098e+00,2.788442797849845500e-01
1.980000000000000093e-01,-1.620046389264280018e+00,-1.964975296551846606e-01,1.979999999999999261e-01,1.618543918919464808e+00,1.423548859609095274e+00,2.797421245587595751e-01
1.985000000000000098e-01,-1.619140070215145055e+00,-1.969842698180827856e-01,1.985000000000000098e-01,1.617624340033227748e+00,1.422155800397062242e+00,2.806433074940555827e-01
1.990000000000000102e-01,-1.618234101195869634e+00,-1.974709210807144011e-01,1.989999999999999825e-01,1.616705022276583970e+00,1.420763180115155233e+00,2.815478420873184784e-01
1.995000000000000107e-01,-1.617328483009138784e+00,-1.979574830053963397e-01,1.995000000000000107e-01,1.615785966014534836e+00,1.419371000003742500e+00,2.824557418893289817e-01
2.000000000000000111e-01,-1.616423216459971224e+00,-1.984439551527678314e-01,2.000000000000000389e-01,1.614867171612739183e+00,1.417979261307203309e+00,2.833670205053797631e-01
2.005000000000000115e-01,-1.615518302355727132e+00,-1.989303370817843142e-01,2.005000000000000115e-01,1.613948639437511101e+00,1.416587965273942817e+00,2.842816915954496926e-01
2.010000000000000120e-01,-1.614613741506119249e+00,-1.994166283497123549e-01,2.009999999999999842e-01,1.613030369855831481e+00,1.415197113156406949e+00,2.851997688743760917e-01
2.015000000000000124e-01,-1.613709534723218431e+00,-1.999028285121211557e-01,2.015000000000000124e-01,1.612112363235339352e+00,1.413806706211097275e+00,2.861212661120276501e-01
2.020000000000000129e-01,-1.612805682821458086e+00,-2.003889371228783078e-01,2.020000000000000406e-01,1.611194619944336326e+00,1.412416745698579668e+00,2.870461971334812290e-01
2.025000000000000133e-01,-1.611902186617650390e+00,-2.008749537341423530e-01,2.025000000000000133e-01,1.610277140351792369e+00,1.411027232883508065e+00,2.879745758191911698e-01
2.030000000000000138e-01,-1.610999046930985390e+00,-2.013608778963554558e-01,2.029999999999999860e-01,1.609359924827340693e+00,1.409638169034630018e+00,2.889064161051645430e-01
2.035000000000000142e-01,-1.610096264583046777e+00,-2.018467091582389905e-01,2.035000000000000142e-01,1.608442973741285753e+00,1.408249555424807786e+00,2.898417319831330108e-01
2.040000000000000147e-01,-1.609193840397810993e+00,-2.023324470667856867e-01,2.040000000000000424e-01,1.607526287464596582e+00,1.406861393331025223e+00,2.907805375007266879e-01
2.045000000000000151e-01,-1.608291775201663665e+00,-2.028180911672539666e-01,2.045000000000000151e-01,1.606609866368917672e+00,1.405473684034409754e+00,2.917228467616461707e-01
2.050000000000000155e-01,-1.607390069823402268e+00,-2.033036410031593688e-01,2.049999999999999878e-01,1.605693710826561871e+00,1.404086428820242816e+00,2.926686739258310688e-01
2.055000000000000160e-01,-1.606488725094246117e+00,-2.037890961162715231e-01,2.055000000000000160e-01,1.604777821210517486e+00,1.402699628977974511e+00,2.936180332096373635e-01
2.060000000000000164e-01,-1.605587741847843475e+00,-2.042744560466044079e-01,2.060000000000000442e-01,1.603862197894447394e+00,1.401313285801239150e+00,2.945709388860063838e-01
2.065000000000000169e-01,-1.604687120920279098e+00,-2.047597203324114379e-01,2.065000000000000169e-01,1.602946841252690380e+00,1.399927400587867687e+00,2.955274052846344479e-01
2.070000000000000173e-01,-1.603786863150085118e+00,-2.052448885101781084e-01,2.069999999999999896e-01,1.602031751660263570e+00,1.398541974639907037e+00,2.964874467921451706e-01
2.075000000000000178e-01,-1.602886969378247262e+00,-2.057299601146163892e-01,2.075000000000000178e-01,1.601116929492863772e+00,1.397157009263630956e+00,2.974510778522606591e-01
2.080000000000000182e-01,-1.601987440448211064e+00,-2.062149346786565918e-01,2.080000000000000460e-01,1.600202375126867249e+00,1.395772505769554472e+00,2.984183129659696010e-01
2.084999999999999909e-01,-1.601088277205891863e+00,-2.066998117334420404e-01,2.084999999999999631e-01,1.599288088939334163e+00,1.394388465472449878e+00,2.993891666917011807e-01
2.089999999999999913e-01,-1.600189480499685901e+00,-2.071845908083213283e-01,2.090000000000000191e-01,1.598374071308007460e+00,1.393004889691364490e+00,3.003636536454871719e-01
2.094999999999999918e-01,-1.599291051180471657e+00,-2.076692714308429333e-01,2.094999999999999640e-01,1.597460322611314876e+00,1.391621779749628640e+00,3.013417885011399067e-01
2.099999999999999922e-01,-1.598392990101624944e+00,-2.081538531267460024e-01,2.100000000000000200e-01,1.596546843228371149e+00,1.390239136974878997e+00,3.023235859904130352e-01
2.104999999999999927e-01,-1.597495298119022022e+00,-2.086383354199575491e-01,2.104999999999999649e-01,1.595633633538979357e+00,1.388856962699064557e+00,3.033090609031759977e-01
2.109999999999999931e-01,-1.596597976091051141e+00,-2.091227178325814617e-01,2.110000000000000209e-01,1.594720693923632915e+00,1.387475258258469735e+00,3.042982280875765055e-01
2.114999999999999936e-01,-1.595701024878620089e+00,-2.096069998848943405e-01,2.114999999999999658e-01,1.593808024763514464e+00,1.386094024993725693e+00,3.052911024502096282e-01
2.119999999999999940e-01,-1.594804445345161970e+00,-2.100911810953381420e-01,2.120000000000000218e-01,1.592895626440500312e+00,1.384713264249823883e+00,3.062876989562893226e-01
2.124999999999999944e-01,-1.593908238356648521e+00,-2.105752609805127962e-01,2.124999999999999667e-01,1.591983499337161323e+00,1.383332977376135808e+00,3.072880326298055853e-01
2.129999999999999949e-01,-1.593012404781593006e+00,-2.110592390551693232e-01,2.130000000000000226e-01,1.591071643836762473e+00,1.381953165726423682e+00,3.082921185536977582e-01
2.134999999999999953e-01,-1.592116945491063085e+00,-2.115431148322036992e-01,2.134999999999999676e-01,1.590160060323266400e+00,1.380573830658859302e+00,3.092999718700160106e-01
2.139999999999999958e-01,-1.591221861358686374e+00,-2.120268878226494458e-01,2.140000000000000235e-01,1.589248749181335629e+00,1.379194973536036928e+00,3.103116077800882056e-01
2.144999999999999962e-01,-1.590327153260659321e+00,-2.125105575356709131e-01,2.144999999999999685e-01,1.588337710796330349e+00,1.377816595724988380e+00,3.113270415446831585e-01
2.149999999999999967e-01,-1.589432822075757423e+00,-2.129941234785554804e-01,2.150000000000000244e-01,1.587426945554313296e+00,1.376438698597201915e+00,3.123462884841729514e-01
2.154999999999999971e-01,-1.588538868685342109e+00,-2.134775851567080052e-01,2.154999999999999694e-01,1.586516453842049756e+00,1.375061283528633993e+00,3.133693639786979679e-01
2.159999999999999976e-01,-1.587645293973369176e+00,-2.139609420736426071e-01,2.160000000000000253e-01,1.585606236047011564e+00,1.373684351899726597e+00,3.143962834683284302e-01
2.164999999999999980e-01,-1.586752098826398782e+00,-2.144441937309757296e-01,2.164999999999999702e-01,1.584696292557374431e+00,1.372307905095422997e+00,3.154270624532247713e-01
2.169999999999999984e-01,-1.585859284133602332e+00,-2.149273396284203941e-01,2.170000000000000262e-01,1.583786623762022838e+00,1.370931944505181965e+00,3.164617164938011151e-01
2.174999999999999989e-01,-1.584966850786771797e+00,-2.154103792637774295e-01,2.174999999999999711e-01,1.582877230050549144e+00,1.369556471522994423e+00,3.175002612108853706e-01
2.179999999999999993e-01,-1.584074799680328383e+00,-2.158933121329293103e-01,2.180000000000000271e-01,1.581968111813257138e+00,1.368181487547398989e+00,3.185427122858754956e-01
2.184999999999999998e-01,-1.583183131711331182e+00,-2.163761377298321631e-01,2.184999999999999720e-01,1.581059269441163373e+00,1.366806993981499074e+00,3.195890854609022003e-01
2.190000000000000002e-01,-1.582291847779485616e+00,-2.168588555465101597e-01,2.190000000000000280e-01,1.580150703325995609e+00,1.365432992232975540e+00,3.206393965389869316e-01
2.195000000000000007e-01,-1.581400948787153204e+00,-2.173414650730470521e-01,2.194999999999999729e-01,1.579242413860200589e+00,1.364059483714106236e+00,3.216936613841962500e-01
2.200000000000000011e-01,-1.580510435639359113e+00,-2.178239657975796217e-01,2.200000000000000289e-01,1.578334401436938261e+00,1.362686469841779546e+00,3.227518959218020345e-01
2.205000000000000016e-01,-1.579620309243799703e+00,-2.183063572062895474e-01,2.204999999999999738e-01,1.577426666450089776e+00,1.361313952037510155e+00,3.238141161384361366e-01
2.210000000000000020e-01,-1.578730570510855635e+00,-2.187886387833977708e-01,2.210000000000000298e-01,1.576519209294253265e+00,1.359941931727457920e+00,3.248803380822438136e-01
2.215000000000000024e-01,-1.577841220353594753e+00,-2.192708100111548375e-01,2.214999999999999747e-01,1.575612030364749616e+00,1.358570410342439860e+00,3.259505778630414907e-01
2.220000000000000029e-01,-1.576952259687787183e+00,-2.197528703698369557e-01,2.220000000000000306e-01,1.574705130057624247e+00,1.357199389317950144e+00,3.270248516524658644e-01
2.225000000000000033e-01,-1.576063689431908665e+00,-2.202348193377355878e-01,2.224999999999999756e-01,1.573798508769644222e+00,1.355828870094172967e+00,3.281031756841300551e-01
2.230000000000000038e-01,-1.575175510507153209e+00,-2.207166563911508173e-01,2.230000000000000315e-01,1.572892166898303135e+00,1.354458854116002309e+00,3.291855662537720995e-01
2.235000000000000042e-01,-1.574287723837439312e+00,-2.211983810043861298e-01,2.234999999999999765e-01,1.571986104841824883e+00,1.353089342833053266e+00,3.302720397194103263e-01
2.240000000000000047e-01,-1.573400330349421061e+00,-2.216799926497379225e-01,2.240000000000000324e-01,1.571080322999159673e+00,1.351720337699683139e+00,3.313626125014870749e-01
2.245000000000000051e-01,-1.572513330972498347e+00,-2.221614907974901743e-01,2.244999999999999774e-01,1.570174821769988238e+00,1.350351840175008089e+00,3.324573010830202402e-01
2.250000000000000056e-01,-1.571626726638819527e+00,-2.226428749159065912e-01,2.250000000000000333e-01,1.569269601554726279e+00,1.348983851722912908e+00,3.335561220097525981e-01
2.255000000000000060e-01,-1.570740518283297860e+00,-2.231241444712222799e-01,2.254999999999999782e-01,1.568364662754520023e+00,1.347616373812075663e+00,3.346590918902956346e-01
2.260000000000000064e-01,-1.569854706843617054e+00,-2.236052989276379466e-01,2.260000000000000342e-01,1.567460005771254661e+00,1.346249407915979024e+00,3.357662273962773725e-01
2.265000000000000069e-01,-1.568969293260239262e+00,-2.240863377473105711e-01,2.264999999999999791e-01,1.566555631007550131e+00,1.344882955512928691e+00,3.368775452624858668e-01
2.270000000000000073e-01,-1.568084278476417293e+00,-2.245672603903471620e-01,2.270000000000000351e-01,1.565651538866764225e+00,1.343517018086070047e+00,3.379930622870117585e-01
2.275000000000000078e-01,-1.567199663438200385e+00,-2.250480663147967075e-01,2.274999999999999800e-01,1.564747729752997696e+00,1.342151597123403706e+00,3.391127953313924914e-01
2.280000000000000082e-01,-1.566315449094447976e+00,-2.255287549766427924e-01,2.280000000000000360e-01,1.563844204071090260e+00,1.340786694117805267e+00,3.402367613207528674e-01
2.285000000000000087e-01,-1.565431636396832138e+00,-2.260093258297956875e-01,2.284999999999999809e-01,1.562940962226627706e+00,1.339422310567036423e+00,3.413649772439451002e-01
2.290000000000000091e-01,-1.564548226299853573e+00,-2.264897783260852449e-01,2.290000000000000369e-01,1.562038004625938559e+00,1.338058447973768272e+00,3.424974601536860397e-01
2.295000000000000095e-01,-1.563665219760845826e+00,-2.269701119152525703e-01,2.294999999999999818e-01,1.561135331676098303e+00,1.336695107845593311e+00,3.436342271666985582e-01
2.300000000000000100e-01,-1.562782617739989277e+00,-2.274503260449434738e-01,2.300000000000000377e-01,1.560232943784932491e+00,1.335332291695045859e+00,3.447752954638430567e-01
2.305000000000000104e-01,-1.561900421200314470e+00,-2.279304201606988933e-01,2.304999999999999827e-01,1.559330841361013187e+00,1.333970001039615605e+00,3.459206822902556322e-01
2.310000000000000109e-01,-1.561018631107717658e+00,-2.284103937059500655e-01,2.310000000000000386e-01,1.558429024813667851e+00,1.332608237401767592e+00,3.470704049554844683e-01
2.315000000000000113e-01,-1.560137248430966350e+00,-2.288902461220077289e-01,2.314999999999999836e-01,1.557527494552973568e+00,1.331247002308958649e+00,3.482244808336131259e-01
2.320000000000000118e-01,-1.559256274141707088e+00,-2.293699768480559620e-01,2.320000000000000395e-01,1.556626250989762594e+00,1.329886297293651154e+00,3.493829273634019295e-01
2.325000000000000122e-01,-1.558375709214480986e+00,-2.298495853211446893e-01,2.324999999999999845e-01,1.555725294535625469e+00,1.328526123893336353e+00,3.505457620484112025e-01
2.330000000000000127e-01,-1.557495554626728396e+00,-2.303290709761813548e-01,2.329999999999999849e-01,1.554824625602909904e+00,1.327166483650547013e+00,3.517130024571316627e-01
2.335000000000000131e-01,-1.556615811358797785e+00,-2.308084332459228172e-01,2.334999999999999853e-01,1.553924244604721228e+00,1.325807378112874968e+00,3.528846662231123754e-01
2.340000000000000135e-01,-1.555736480393959509e+00,-2.312876715609677447e-01,2.340000000000000413e-01,1.553024151954927046e+00,1.324448808832991764e+00,3.540607710450818235e-01
2.345000000000000140e-01,-1.554857562718410247e+00,-2.317667853497490382e-01,2.344999999999999862e-01,1.552124348068159687e+00,1.323090777368661097e+00,3.552413346870778033e-01
2.350000000000000144e-01,-1.553979059321285883e+00,-2.322457740385263647e-01,2.350000000000000422e-01,1.551224833359812649e+00,1.321733285282759462e+00,3.564263749785652191e-01
2.355000000000000149e-01,-1.553100971194670166e+00,-2.327246370513759155e-01,2.354999999999999871e-01,1.550325608246045928e+00,1.320376334143294361e+00,3.576159098145564874e-01
2.360000000000000153e-01,-1.552223299333606477e+00,-2.332033738101857989e-01,2.360000000000000431e-01,1.549426673143792677e+00,1.319019925523420733e+00,3.588099571557317180e-01
2.365000000000000158e-01,-1.551346044736100716e+00,-2.336819837346459372e-01,2.364999999999999880e-01,1.548528028470746332e+00,1.317664061001454723e+00,3.600085350285616714e-01
2.370000000000000162e-01,-1.550469208403138399e+00,-2.341604662422404060e-01,2.370000000000000440e-01,1.547629674645378373e+00,1.316308742160897882e+00,3.612116615254116758e-01
2.375000000000000167e-01,-1.549592791338691988e+00,-2.346388207482395516e-01,2.374999999999999334e-01,1.546731612086931662e+00,1.314953970590452492e+00,3.624193548046671931e-01
2.380000000000000171e-01,-1.548716794549727549e+00,-2.351170466656924418e-01,2.380000000000000449e-01,1.545833841215419557e+00,1.313599747884035107e+00,3.636316330908395678e-01
2.385000000000000175e-01,-1.547841219046218963e+00,-2.355951434054179006e-01,2.384999999999999898e-01,1.544936362451636569e+00,1.312246075640800980e+00,3.648485146746772156e-01
2.390000000000000180e-01,-1.546966065841154592e+00,-2.360731103759967642e-01,2.390000000000000457e-01,1.544039176217151699e+00,1.310892955465157828e+00,3.660700179132783116e-01
2.395000000000000184e-01,-1.546091335950549706e+00,-2.365509469837644985e-01,2.394999999999999907e-01,1.543142282934314213e+00,1.309540388966785152e+00,3.672961612301911538e-01
2.399999999999999911e-01,-1.545217030393451818e+00,-2.370286526328029553e-01,2.399999999999999911e-01,1.542245683026254754e+00,1.308188377760648891e+00,3.685269631155277947e-01
2.404999999999999916e-01,-1.544343150191955782e+00,-2.375062267249306025e-01,2.405000000000000193e-01,1.541349376916886005e+00,1.306836923467025180e+00,3.697624421260591876e-01
2.409999999999999920e-01,-1.543469696371209121e+00,-2.379836686596956408e-01,2.409999999999999920e-01,1.540453365030904909e+00,1.305486027711513453e+00,3.710026168853207684e-01
2.414999999999999925e-01,-1.542596669959426681e+00,-2.384609778343683706e-01,2.414999999999999647e-01,1.539557647793795114e+00,1.304135692125058199e+00,3.722475060837099892e-01
2.419999999999999929e-01,-1.541724071987895517e+00,-2.389381536439327547e-01,2.419999999999999929e-01,1.538662225631828306e+00,1.302785918343962734e+00,3.734971284785864598e-01
2.424999999999999933e-01,-1.540851903490987995e+00,-2.394151954810765648e-01,2.425000000000000211e-01,1.537767098972063984e+00,1.301436708009911403e+00,3.747515028943616544e-01
2.429999999999999938e-01,-1.539980165506170673e+00,-2.398921027361839153e-01,2.429999999999999938e-01,1.536872268242354345e+00,1.300088062769986674e+00,3.760106482225969438e-01
2.434999999999999942e-01,-1.539108859074015179e+00,-2.403688747973290740e-01,2.434999999999999665e-01,1.535977733871343620e+00,1.298739984276686021e+00,3.772745834220938010e-01
2.439999999999999947e-01,-1.538237985238206651e+00,-2.408455110502654983e-01,2.439999999999999947e-01,1.535083496288471849e+00,1.297392474187941236e+00,3.785433275189814539e-01
2.444999999999999951e-01,-1.537367545045555506e+00,-2.413220108784184526e-01,2.445000000000000229e-01,1.534189555923973991e+00,1.296045534167137081e+00,3.798168996068025383e-01
2.449999999999999956e-01,-1.536497539546005875e+00,-2.417983736628761537e-01,2.449999999999999956e-01,1.533295913208882144e+00,1.294699165883129721e+00,3.810953188466000285e-01
2.454999999999999960e-01,-1.535627969792646264e+00,-2.422745987823832770e-01,2.454999999999999682e-01,1.532402568575029544e+00,1.293353371010262931e+00,3.823786044669994499e-01
2.459999999999999964e-01,-1.534758836841722651e+00,-2.427506856133298807e-01,2.459999999999999964e-01,1.531509522455052341e+00,1.292008151228392743e+00,3.836667757642837628e-01
2.464999999999999969e-01,-1.533890141752641378e+00,-2.432266335297448845e-01,2.465000000000000246e-01,1.530616775282385822e+00,1.290663508222896549e+00,3.849598521024784059e-01
2.469999999999999973e-01,-1.533021885587986466e+00,-2.437024419032868261e-01,2.469999999999999973e-01,1.529724327491273073e+00,1.289319443684699529e+00,3.862578529134222949e-01
2.474999999999999978e-01,-1.532154069413528275e+00,-2.441781101032353407e-01,2.474999999999999700e-01,1.528832179516764089e+00,1.287975959310292851e+00,3.875607976968361568e-01
2.479999999999999982e-01,-1.531286694298230167e+00,-2.446536374964836114e-01,2.479999999999999982e-01,1.527940331794713558e+00,1.286633056801746555e+00,3.888687060204024104e-01
2.484999999999999987e-01,-1.530419761314262050e+00,-2.451290234475287932e-01,2.485000000000000264e-01,1.527048784761790401e+00,1.285290737866733313e+00,3.901815975198263953e-01
2.489999999999999991e-01,-1.529553271537008818e+00,-2.456042673184634928e-01,2.489999999999999991e-01,1.526157538855472673e+00,1.283949004218545298e+00,3.914994918989018191e-01
2.494999999999999996e-01,-1.528687226045084335e+00,-2.460793684689682181e-01,2.494999999999999718e-01,1.525266594514052443e+00,1.282607857576116173e+00,3.928224089295734300e-01
2.500000000000000000e-01,-1.527821625920337212e+00,-2.465543262563024141e-01,2.500000000000000000e-01,1.524375952176639348e+00,1.281267299664034853e+00,3.941503684519994111e-01
2.505000000000000004e-01,-1.526956472247862795e+00,-2.470291400352943867e-01,2.505000000000000560e-01,1.523485612283157487e+00,1.279927332212568380e+00,3.954833903746050594e-01
2.510000000000000009e-01,-1.526091766116013160e+00,-2.475038091583345867e-01,2.510000000000000009e-01,1.522595575274347635e+00,1.278587956957678573e+00,3.968214946741403515e-01
2.515000000000000013e-01,-1.525227508616409322e+00,-2.479783329753666721e-01,2.514999999999999458e-01,1.521705841591776576e+00,1.277249175641042678e+00,3.981647013957288483e-01
2.520000000000000018e-01,-1.524363700843950564e+00,-2.484527108338785151e-01,2.520000000000000018e-01,1.520816411677829549e+00,1.275910990010072021e+00,3.995130306529185993e-01
2.525000000000000022e-01,-1.523500343896824205e+00,-2.489269420788928211e-01,2.525000000000000577e-01,1.519927285975716913e+00,1.274573401817931328e+00,4.008665026277261623e-01
2.530000000000000027e-01,-1.522637438876516036e+00,-2.494010260529590517e-01,2.530000000000000027e-01,1.519038464929475252e+00,1.273236412823556929e+00,4.022251375706797361e-01
2.535000000000000031e-01,-1.521774986887821424e+00,-2.498749620961451257e-01,2.534999999999999476e-01,1.518149948983966713e+00,1.271900024791676298e+00,4.035889558008632361e-01
2.540000000000000036e-01,-1.520912989038857743e+00,-2.503487495460283152e-01,2.540000000000000036e-01,1.517261738584885444e+00,1.270564239492829373e+00,4.049579777059466590e-01
2.545000000000000040e-01,-1.520051446441069043e+00,-2.508223877376865585e-01,2.545000000000000595e-01,1.516373834178755153e+00,1.269229058703382540e+00,4.063322237422273275e-01
2.550000000000000044e-01,-1.519190360209244473e+00,-2.512958760036887451e-01,2.550000000000000044e-01,1.515486236212933102e+00,1.267894484205555727e+00,4.077117144346537603e-01
2.555000000000000049e-01,-1.518329731461524279e+00,-2.517692136740873332e-01,2.554999999999999494e-01,1.514598945135611219e+00,1.266560517787437057e+00,4.090964703768558697e-01
2.560000000000000053e-01,-1.517469561319408689e+00,-2.522424000764088570e-01,2.560000000000000053e-01,1.513711961395817651e+00,1.265227161242999721e+00,4.104865122311743275e-01
2.565000000000000058e-01,-1.516609850907774337e+00,-2.527154345356446008e-01,2.565000000000000613e-01,1.512825285443418544e+00,1.263894416372129736e+00,4.118818607286732214e-01
2.570000000000000062e-01,-1.515750601354877380e+00,-2.531883163742428833e-01,2.570000000000000062e-01,1.511938917729120480e+00,1.262562284980634608e+00,4.132825366691659230e-01
2.575000000000000067e-01,-1.514891813792373254e+00,-2.536610449120984545e-01,2.574999999999999512e-01,1.511052858704471813e+00,1.261230768880274855e+00,4.146885609212228596e-01
2.580000000000000071e-01,-1.514033489355318896e+00,-2.541336194665455572e-01,2.580000000000000071e-01,1.510167108821864002e+00,1.259899869888773338e+00,4.160999544221888335e-01
2.585000000000000075e-01,-1.513175629182189175e+00,-2.546060393523477128e-01,2.585000000000000631e-01,1.509281668534537157e+00,1.258569589829841462e+00,4.175167381781845211e-01
2.590000000000000080e-01,-1.512318234414884444e+00,-2.550783038816890058e-01,2.590000000000000080e-01,1.508396538296573386e+00,1.257239930533195382e+00,4.189389332641176300e-01
2.595000000000000084e-01,-1.511461306198743415e+00,-2.555504123641648695e-01,2.594999999999999529e-01,1.507511718562908332e+00,1.255910893834578435e+00,4.203665608236766271e-01
2.600000000000000089e-01,-1.510604845682552266e+00,-2.560223641067738143e-01,2.600000000000000089e-01,1.506627209789326294e+00,1.254582481575778452e+00,4.217996420693322923e-01
2.605000000000000093e-01,-1.509748854018557074e+00,-2.564941584139078801e-01,2.605000000000000648e-01,1.505743012432464667e+00,1.253254695604649083e+00,4.232381982823294475e-01
2.610000000000000098e-01,-1.508893332362473583e+00,-2.569657945873431437e-01,2.610000000000000098e-01,1.504859126949817050e+00,1.251927537775130439e+00,4.246822508126743001e-01
2.615000000000000102e-01,-1.508038281873498754e+00,-2.574372719262316145e-01,2.614999999999999547e-01,1.503975553799730136e+00,1.250601009947267084e+00,4.261318210791262273e-01
2.620000000000000107e-01,-1.507183703714320311e+00,-2.579085897270921857e-01,2.620000000000000107e-01,1.503092293441412153e+00,1.249275113987228014e+00,4.275869305691726852e-01
2.625000000000000111e-01,-1.506329599051130952e+00,-2.583797472837999210e-01,2.625000000000000666e-01,1.502209346334930640e+00,1.247949851767331086e+00,4.290476008390117779e-01
2.630000000000000115e-01,-1.505475969053634344e+00,-2.588507438875789490e-01,2.630000000000000115e-01,1.501326712941212671e+00,1.246625225166055451e+00,4.305138535135243361e-01
2.635000000000000120e-01,-1.504622814895060667e+00,-2.593215788269920274e-01,2.634999999999999565e-01,1.500444393722052849e+00,1.245301236068068640e+00,4.319857102862439957e-01
2.640000000000000124e-01,-1.503770137752176606e+00,-2.597922513879319939e-01,2.640000000000000124e-01,1.499562389140108642e+00,1.243977886364244556e+00,4.334631929193249467e-01
2.645000000000000129e-01,-1.502917938805293119e+00,-2.602627608536123294e-01,2.645000000000000684e-01,1.498680699658905491e+00,1.242655177951680789e+00,4.349463232435004101e-01
2.650000000000000133e-01,-1.502066219238281208e+00,-2.607331065045576102e-01,2.650000000000000133e-01,1.497799325742838583e+00,1.241333112733723709e+00,4.364351231580428925e-01
2.655000000000000138e-01,-1.501214980238578800e+00,-2.612032876185949037e-01,2.654999999999999583e-01,1.496918267857173745e+00,1.240011692619984007e+00,4.379296146307177229e-01
2.660000000000000142e-01,-1.500364222997206065e+00,-2.616733034708448313e-01,2.660000000000000142e-01,1.496037526468051215e+00,1.238690919526361345e+00,4.394298196977292625e-01
2.665000000000000147e-01,-1.499513948708773636e+00,-2.621431533337108544e-01,2.665000000000000702e-01,1.495157102042484976e+00,1.237370795375062782e+00,4.409357604636657824e-01
2.670000000000000151e-01,-1.498664158571492822e+00,-2.626128364768716139e-01,2.670000000000000151e-01,1.494276995048364753e+00,1.236051322094621208e+00,4.424474591014446179e-01
2.675000000000000155e-01,-1.497814853787190703e+00,-2.630823521672703835e-01,2.674999999999999600e-01,1.493397205954461349e+00,1.234732501619920431e+00,4.439649378522415035e-01
2.680000000000000160e-01,-1.496966035561317687e+00,-2.635516996691068536e-01,2.680000000000000160e-01,1.492517735230424858e+00,1.233414335892210723e+00,4.454882190254256802e-01
2.685000000000000164e-01,-1.496117705102960382e+00,-2.640208782438265844e-01,2.685000000000000719e-01,1.491638583346786895e+00,1.232096826859133909e+00,4.470173249984820130e-01
2.690000000000000169e-01,-1.495269863624852258e+00,-2.644898871501125681e-01,2.690000000000000169e-01,1.490759750774965253e+00,1.230779976474739801e+00,4.485522782169389933e-01
2.695000000000000173e-01,-1.494422512343385634e+00,-2.649587256438762362e-01,2.694999999999999618e-01,1.489881237987261686e+00,1.229463786699509509e+00,4.500931011942798654e-01
2.700000000000000178e-01,-1.493575652478622340e+00,-2.654273929782463570e-01,2.700000000000000178e-01,1.489003045456868346e+00,1.228148259500375872e+00,4.516398165118565844e-01
2.705000000000000182e-01,-1.492729285254304816e+00,-2.658958884035610426e-01,2.705000000000000737e-01,1.488125173657866007e+00,1.226833396850743885e+00,4.531924468187980004e-01
2.710000000000000187e-01,-1.491883411897867884e+00,-2.663642111673585333e-01,2.710000000000000187e-01,1.487247623065226065e+00,1.225519200730509350e+00,4.547510148319122147e-01
2.715000000000000191e-01,-1.491038033640451177e+00,-2.668323605143664290e-01,2.714999999999999636e-01,1.486370394154817198e+00,1.224205673126084637e+00,4.563155433355808310e-01
2.720000000000000195e-01,-1.490193151716907138e+00,-2.673003356864931956e-01,2.720000000000000195e-01,1.485493487403400259e+00,1.222892816030413998e+00,4.578860551816527624e-01
2.725000000000000200e-01,-1.489348767365817450e+00,-2.677681359228191171e-01,2.725000000000000755e-01,1.484616903288636269e+00,1.221580631442998222e+00,4.594625732893318215e-01
2.730000000000000204e-01,-1.488504881829498361e+00,-2.682357604595849154e-01,2.730000000000000204e-01,1.483740642289083311e+00,1.220269121369913501e+00,4.610451206450582040e-01
2.735000000000000209e-01,-1.487661496354016677e+00,-2.687032085301850892e-01,2.734999999999999654e-01,1.482864704884201856e+00,1.218958287823831643e+00,4.626337203023835887e-01
2.740000000000000213e-01,-1.486818612189201527e+00,-2.691704793651553684e-01,2.740000000000000213e-01,1.481989091554357429e+00,1.217648132824046048e+00,4.642283953818403530e-01
2.745000000000000218e-01,-1.485976230588652802e+00,-2.696375721921650537e-01,2.745000000000000773e-01,1.481113802780817501e+00,1.216338658396487693e+00,4.658291690708099564e-01
2.750000000000000222e-01,-1.485134352809752478e+00,-2.701044862360075238e-01,2.750000000000000222e-01,1.480238839045759924e+00,1.215029866573744899e+00,4.674360646233842176e-01
2.755000000000000226e-01,-1.484292980113680827e+00,-2.705712207185891338e-01,2.754999999999999671e-01,1.479364200832270049e+00,1.213721759395091748e+00,4.690491053602112159e-01
2.760000000000000231e-01,-1.483452113765422187e+00,-2.710377748589214986e-01,2.760000000000000231e-01,1.478489888624343607e+00,1.212414338906500744e+00,4.706683146683543484e-01
2.765000000000000235e-01,-1.482611755033781176e+00,-2.715041478731109459e-01,2.765000000000000790e-01,1.477615902906891598e+00,1.211107607160670341e+00,4.722937160011270730e-01
2.770000000000000240e-01,-1.481771905191389127e+00,-2.719703389743479693e-01,2.770000000000000240e-01,1.476742244165736739e+00,1.209801566217041158e+00,4.739253328779338692e-01
2.775000000000000244e-01,-1.480932565514722521e+00,-2.724363473728998453e-01,2.774999999999999689e-01,1.475868912887622564e+00,1.208496218141822620e+00,4.755631888840980981e-01
2.780000000000000249e-01,-1.480093737284109201e+00,-2.729021722760989754e-01,2.780000000000000249e-01,1.474995909560208096e+00,1.207191565008010281e+00,4.772073076706898065e-01
2.785000000000000253e-01,-1.479255421783740143e+00,-2.733678128883335057e-01,2.785000000000000808e-01,1.474123234672073401e+00,1.205887608895406693e+00,4.788577129543419297e-01
2.790000000000000258e-01,-1.478417620301684332e+00,-2.738332684110396653e-01,2.790000000000000258e-01,1.473250888712723805e+00,1.204584351890644722e+00,4.805144285170661056e-01
2.795000000000000262e-01,-1.477580334129898976e+00,-2.742985380426885000e-01,2.794999999999999707e-01,1.472378872172587005e+00,1.203281796087210420e+00,4.821774782060532782e-01
2.800000000000000266e-01,-1.476743564564238387e+00,-2.747636209787797656e-01,2.800000000000000266e-01,1.471507185543018181e+00,1.201979943585458566e+00,4.838468859334806860e-01
2.805000000000000271e-01,-1.475907312904471747e+00,-2.752285164118302152e-01,2.805000000000000826e-01,1.470635829316301990e+00,1.200678796492641531e+00,4.855226756763001972e-01
2.810000000000000275e-01,-1.475071580454287323e+00,-2.756932235313630519e-01,2.810000000000000275e-01,1.469764803985650126e+00,1.199378356922924382e+00,4.872048714760278121e-01
2.815000000000000280e-01,-1.474236368521311125e+00,-2.761577415239008237e-01,2.814999999999999725e-01,1.468894110045211310e+00,1.198078626997410190e+00,4.888934974385222287e-01
2.820000000000000284e-01,-1.473401678417114447e+00,-2.766220695729535439e-01,2.820000000000000284e-01,1.468023747990067740e+00,1.196779608844160903e+00,4.905885777337603559e-01
2.825000000000000289e-01,-1.472567511457226530e+00,-2.770862068590094207e-01,2.825000000000000844e-01,1.467153718316235755e+00,1.195481304598217109e+00,4.922901365956039443e-01
2.830000000000000293e-01,-1.471733868961146996e+00,-2.775501525595256980e-01,2.830000000000000293e-01,1.466284021520672720e+00,1.194183716401621353e+00,4.939981983215592787e-01
2.835000000000000298e-01,-1.470900752252357613e+00,-2.780139058489179971e-01,2.834999999999999742e-01,1.465414658101275025e+00,1.192886846403439671e+00,4.957127872725320406e-01
2.840000000000000302e-01,-1.470068162658332289e+00,-2.784774658985508244e-01,2.840000000000000302e-01,1.464545628556882972e+00,1.191590696759781576e+00,4.974339278725704583e-01
2.845000000000000306e-01,-1.469236101510552173e+00,-2.789408318767281347e-01,2.845000000000000862e-01,1.463676933387280554e+00,1.190295269633824038e+00,4.991616446086064030e-01
2.850000000000000311e-01,-1.468404570144514754e+00,-2.794040029486825061e-01,2.850000000000000311e-01,1.462808573093197229e+00,1.189000567195832136e+00,5.008959620301867144e-01
2.855000000000000315e-01,-1.467573569899746522e+00,-2.798669782765664249e-01,2.854999999999999760e-01,1.461940548176313026e+00,1.187706591623180152e+00,5.026369047491995312e-01
2.860000000000000320e-01,-1.466743102119815179e+00,-2.803297570194416277e-01,2.860000000000000320e-01,1.461072859139256552e+00,1.186413345100373551e+00,5.043844974395887970e-01
2.865000000000000324e-01,-1.465913168152341406e+00,-2.807923383332698863e-01,2.865000000000000879e-01,1.460205506485610760e+00,1.185120829819071631e+00,5.061387648370665460e-01
2.870000000000000329e-01,-1.465083769349009968e+00,-2.812547213709026273e-01,2.870000000000000329e-01,1.459338490719912729e+00,1.183829047978107285e+00,5.078997317388123101e-01
2.875000000000000333e-01,-1.464254907065583255e+00,-2.817169052820707731e-01,2.874999999999999778e-01,1.458471812347654328e+00,1.182538001783512538e+00,5.096674230031715824e-01
2.880000000000000338e-01,-1.463426582661912612e+00,-2.821788892133756388e-01,2.880000000000000338e-01,1.457605471875288217e+00,1.181247693448536973e+00,5.114418635493354071e-01
2.884999999999999787e-01,-1.462598797501947878e+00,-2.826406723082783845e-01,2.884999999999999787e-01,1.456739469810226950e+00,1.179958125193669494e+00,5.132230783570308486e-01
2.889999999999999791e-01,-1.461771552953752940e+00,-2.831022537070909117e-01,2.890000000000000346e-01,1.455873806660844316e+00,1.178669299246662083e+00,5.150110924661804868e-01
2.894999999999999796e-01,-1.460944850389517269e+00,-2.835636325469643171e-01,2.894999999999999796e-01,1.455008482936481329e+00,1.177381217842552896e+00,5.168059309765710152e-01
2.899999999999999800e-01,-1.460118691185563478e+00,-2.840248079618806765e-01,2.899999999999999245e-01,1.454143499147444230e+00,1.176093883223682912e+00,5.186076190475075176e-01
2.904999999999999805e-01,-1.459293076722365523e+00,-2.844857790826424981e-01,2.904999999999999805e-01,1.453278855805008041e+00,1.174807297639723025e+00,5.204161818974606390e-01
2.909999999999999809e-01,-1.458468008384556924e+00,-2.849465450368622310e-01,2.910000000000000364e-01,1.452414553421418564e+00,1.173521463347694693e+00,5.222316448037019887e-01
2.914999999999999813e-01,-1.457643487560943196e+00,-2.854071049489525502e-01,2.914999999999999813e-01,1.451550592509895266e+00,1.172236382611990591e+00,5.240540331019346576e-01
2.919999999999999818e-01,-1.456819515644514285e+00,-2.858674579401175309e-01,2.919999999999999263e-01,1.450686973584631723e+00,1.170952057704396809e+00,5.258833721859196286e-01
2.924999999999999822e-01,-1.455996094032457666e+00,-2.863276031283410461e-01,2.924999999999999822e-01,1.449823697160798730e+00,1.169668490904116620e+00,5.277196875070809812e-01
2.929999999999999827e-01,-1.455173224126169007e+00,-2.867875396283773859e-01,2.930000000000000382e-01,1.448960763754545855e+00,1.168385684497791566e+00,5.295630045741102077e-01
2.934999999999999831e-01,-1.454350907331262377e+00,-2.872472665517405988e-01,2.934999999999998721e-01,1.448098173883003437e+00,1.167103640779521889e+00,5.314133489525690868e-01
2.939999999999999836e-01,-1.453529145057588012e+00,-2.877067830066973309e-01,2.939999999999999281e-01,1.447235928064285471e+00,1.165822362050890737e+00,5.332707462644676877e-01
2.944999999999999840e-01,-1.452707938719238978e+00,-2.881660880982532258e-01,2.944999999999999840e-01,1.446374026817492275e+00,1.164541850620985697e+00,5.351352221878438176e-01
2.949999999999999845e-01,-1.451887289734566266e+00,-2.886251809281443204e-01,2.949999999999999289e-01,1.445512470662710047e+00,1.163262108806421891e+00,5.370068024563294795e-01
2.954999999999999849e-01,-1.451067199526186791e+00,-2.890840605948273301e-01,2.954999999999999849e-01,1.444651260121014413e+00,1.161983138931359516e+00,5.388855128587133336e-01
2.959999999999999853e-01,-1.450247669521002702e+00,-2.895427261934697682e-01,2.959999999999999298e-01,1.443790395714472652e+00,1.160704943327532934e+00,5.407713792384841733e-01
2.964999999999999858e-01,-1.449428701150206278e+00,-2.900011768159391212e-01,2.964999999999999858e-01,1.442929877966145469e+00,1.159427524334267101e+00,5.426644274933760670e-01
2.969999999999999862e-01,-1.448610295849297014e+00,-2.904594115507938001e-01,2.970000000000000417e-01,1.442069707400090106e+00,1.158150884298503325e+00,5.445646835748927383e-01
2.974999999999999867e-01,-1.447792455058087846e+00,-2.909174294832717056e-01,2.974999999999999867e-01,1.441209884541360342e+00,1.156875025574816140e+00,5.464721734878338344e-01
2.979999999999999871e-01,-1.446975180220727131e+00,-2.913752296952821230e-01,2.979999999999999316e-01,1.440350409916009156e+00,1.155599950525445063e+00,5.483869232897977675e-01
2.984999999999999876e-01,-1.446158472785700422e+00,-2.918328112653938433e-01,2.984999999999999876e-01,1.439491284051094055e+00,1.154325661520306578e+00,5.503089590906892203e-01
2.989999999999999880e-01,-1.445342334205848456e+00,-2.922901732688265586e-01,2.989999999999999325e-01,1.438632507474674860e+00,1.153052160937021897e+00,5.522383070522051129e-01
2.994999999999999885e-01,-1.444526765938377588e+00,-2.927473147774395379e-01,2.994999999999999885e-01,1.437774080715817027e+00,1.151779451160938050e+00,5.541749933873175715e-01
2.999999999999999889e-01,-1.443711769444872228e+00,-2.932042348597220238e-01,2.999999999999999334e-01,1.436916004304594097e+00,1.150507534585150093e+00,5.561190443597396893e-01
3.004999999999999893e-01,-1.442897346191307717e+00,-2.936609325807848503e-01,3.005000000000001004e-01,1.436058278772092578e+00,1.149236413610522867e+00,5.580704862833906210e-01
3.009999999999999898e-01,-1.442083497648060764e+00,-2.941174070023474529e-01,3.010000000000000453e-01,1.435200904650407949e+00,1.147966090645713422e+00,5.600293455218382510e-01
3.014999999999999902e-01,-1.441270225289923212e+00,-2.945736571827300421e-01,3.014999999999999902e-01,1.434343882472653098e+00,1.146696568107193226e+00,5.619956484877436376e-01
3.019999999999999907e-01,-1.440457530596113589e+00,-2.950296821768426669e-01,3.019999999999999352e-01,1.433487212772955655e+00,1.145427848419271033e+00,5.639694216422835860e-01
3.024999999999999911e-01,-1.439645415050288202e+00,-2.954854810361757234e-01,3.024999999999999911e-01,1.432630896086463768e+00,1.144159934014112423e+00,5.659506914945698908e-01
3.029999999999999916e-01,-1.438833880140555355e+00,-2.959410528087884629e-01,3.030000000000000471e-01,1.431774932949343881e+00,1.142892827331766892e+00,5.679394846010522580e-01
3.034999999999999920e-01,-1.438022927359487335e+00,-2.963963965393015543e-01,3.034999999999999920e-01,1.430919323898788509e+00,1.141626530820185836e+00,5.699358275649170080e-01
3.039999999999999925e-01,-1.437212558204129964e+00,-2.968515112688843716e-01,3.039999999999999369e-01,1.430064069473014898e+00,1.140361046935245648e+00,5.719397470354644630e-01
3.044999999999999929e-01,-1.436402774176018138e+00,-2.973063960352467228e-01,3.044999999999999374e-01,1.429209170211264812e+00,1.139096378140771471e+00,5.739512697074864445e-01
3.049999999999999933e-01,-1.435593576781185599e+00,-2.977610498726281363e-01,3.050000000000000488e-01,1.428354626653813852e+00,1.137832526908557407e+00,5.759704223206224549e-01
3.054999999999999938e-01,-1.434784967530177369e+00,-2.982154718117872583e-01,3.054999999999999938e-01,1.427500439341964578e+00,1.136569495718390055e+00,5.779972316587086434e-01
3.059999999999999942e-01,-1.433976947938063740e+00,-2.986696608799938035e-01,3.059999999999999387e-01,1.426646608818057604e+00,1.135307287058069825e+00,5.800317245491184437e-01
3.064999999999999947e-01,-1.433169519524451374e+00,-2.991236161010161765e-01,3.064999999999999947e-01,1.425793135625467611e+00,1.134045903423435142e+00,5.820739278620823409e-01
3.069999999999999951e-01,-1.432362683813494630e+00,-2.995773364951131446e-01,3.069999999999999396e-01,1.424940020308608002e+00,1.132785347318381541e+00,5.841238685100018646e-01
3.074999999999999956e-01,-1.431556442333908219e+00,-3.000308210790224028e-01,3.074999999999999956e-01,1.424087263412931126e+00,1.131525621254885872e+00,5.861815734467528127e-01
3.079999999999999960e-01,-1.430750796618980303e+00,-3.004840688659523029e-01,3.080000000000000515e-01,1.423234865484932721e+00,1.130266727753028055e+00,5.882470696669729326e-01
3.084999999999999964e-01,-1.429945748206583156e+00,-3.009370788655705287e-01,3.084999999999999964e-01,1.422382827072153688e+00,1.129008669341012627e+00,5.903203842053346140e-01
3.089999999999999969e-01,-1.429141298639187152e+00,-3.013898500839944372e-01,3.090000000000000524e-01,1.421531148723181204e+00,1.127751448555192715e+00,5.924015441358131406e-01
3.094999999999999973e-01,-1.428337449463868980e+00,-3.018423815237814001e-01,3.094999999999999973e-01,1.420679830987650272e+00,1.126495067940087580e+00,5.944905765709349588e-01
3.099999999999999978e-01,-1.427534202232332516e+00,-3.022946721839181450e-01,3.099999999999999423e-01,1.419828874416250608e+00,1.125239530048414371e+00,5.965875086610108458e-01
3.104999999999999982e-01,-1.426731558500908381e+00,-3.027467210598120406e-01,3.105000000000000537e-01,1.418978279560720646e+00,1.123984837441096341e+00,5.986923675933715217e-01
3.109999999999999987e-01,-1.425929519830577696e+00,-3.031985271432797169e-01,3.110000000000000542e-01,1.418128046973857082e+00,1.122730992687297924e+00,6.008051805915705090e-01
3.114999999999999991e-01,-1.425128087786976305e+00,-3.036500894225381275e-01,3.114999999999999991e-01,1.417278177209514212e+00,1.121477998364438289e+00,6.029259749145872149e-01
3.119999999999999996e-01,-1.424327263940411425e+00,-3.041014068821939476e-01,3.119999999999999440e-01,1.416428670822605262e+00,1.120225857058217533e+00,6.050547778560086964e-01
3.125000000000000000e-01,-1.423527049865872751e+00,-3.045524785032340254e-01,3.124999999999999445e-01,1.415579528369106388e+00,1.118974571362638670e+00,6.071916167432026556e-01
3.130000000000000004e-01,-1.422727447143042667e+00,-3.050033032630158902e-01,3.129999999999999449e-01,1.414730750406059112e+00,1.117724143880026721e+00,6.093365189364776668e-01
3.135000000000000009e-01,-1.421928457356310460e+00,-3.054538801352565947e-01,3.135000000000000009e-01,1.413882337491567220e+00,1.116474577221053810e+00,6.114895118282253073e-01
3.140000000000000013e-01,-1.421130082094784308e+00,-3.059042080900246097e-01,3.140000000000000568e-01,1.413034290184808750e+00,1.115225874004759810e+00,6.136506228420489650e-01
3.145000000000000018e-01,-1.420332322952301052e+00,-3.063542860937281676e-01,3.145000000000000018e-01,1.412186609046029107e+00,1.113978036858572995e+00,6.158198794318839875e-01
3.150000000000000022e-01,-1.419535181527441514e+00,-3.068041131091066576e-01,3.150000000000000577e-01,1.411339294636548614e+00,1.112731068418334912e+00,6.179973090810950698e-01
3.155000000000000027e-01,-1.418738659423539605e+00,-3.072536880952201344e-01,3.155000000000000027e-01,1.410492347518760070e+00,1.111484971328319471e+00,6.201829393015675373e-01
3.160000000000000031e-01,-1.417942758248698087e+00,-3.077030100074397700e-01,3.159999999999999476e-01,1.409645768256137632e+00,1.110239748241258262e+00,6.223767976327768681e-01
3.165000000000000036e-01,-1.417147479615795458e+00,-3.081520777974380843e-01,3.165000000000000036e-01,1.408799557413233483e+00,1.108995401818357429e+00,6.245789116408496655e-01
3.170000000000000040e-01,-1.416352825142501715e+00,-3.086008904131788966e-01,3.170000000000000595e-01,1.407953715555680496e+00,1.107751934729322763e+00,6.267893089176076460e-01
3.175000000000000044e-01,-1.415558796451291013e+00,-3.090494467989083893e-01,3.174999999999998934e-01,1.407108243250199120e+00,1.106509349652382568e+00,6.290080170795926406e-01
3.180000000000000049e-01,-1.414765395169449658e+00,-3.094977458951435612e-01,3.179999999999999494e-01,1.406263141064593158e+00,1.105267649274306097e+00,6.312350637670826048e-01
3.185000000000000053e-01,-1.413972622929092093e+00,-3.099457866386646776e-01,3.184999999999999498e-01,1.405418409567757099e+00,1.104026836290427305e+00,6.334704766430894196e-01
3.190000000000000058e-01,-1.413180481367170893e+00,-3.103935679625039468e-01,3.189999999999999503e-01,1.404574049329675223e+00,1.102786913404667057e+00,6.357142833923400405e-01
3.195000000000000062e-01,-1.412388972125487641e+00,-3.108410887959365820e-01,3.195000000000001172e-01,1.403730060921423828e+00,1.101547883329551114e+00,6.379665117202488744e-01
3.200000000000000067e-01,-1.411598096850708473e+00,-3.112883480644705880e-01,3.199999999999999512e-01,1.402886444915178998e+00,1.100309748786237884e+00,6.402271893518581836e-01
3.205000000000000071e-01,-1.410807857194372739e+00,-3.117353446898380454e-01,3.204999999999999516e-01,1.402043201884210610e+00,1.099072512504534638e+00,6.424963440307845941e-01
3.210000000000000075e-01,-1.410018254812905880e+00,-3.121820775899846745e-01,3.209999999999999520e-01,1.401200332402890103e+00,1.097836177222921261e+00,6.447740035181339646e-01
3.215000000000000080e-01,-1.409229291367629422e+00,-3.126285456790603434e-01,3.215000000000000080e-01,1.400357837046689813e+00,1.096600745688569134e+00,6.470601955914065950e-01
3.220000000000000084e-01,-1.408440968524779180e+00,-3.130747478674091866e-01,3.220000000000000639e-01,1.399515716392188747e+00,1.095366220657369993e+00,6.493549480433745691e-01
3.225000000000000089e-01,-1.407653287955508148e+00,-3.135206830615615559e-01,3.225000000000000089e-01,1.398673971017069917e+00,1.094132604893946592e+00,6.516582886809691999e-01
3.230000000000000093e-01,-1.406866251335905371e+00,-3.139663501642227517e-01,3.230000000000000648e-01,1.397832601500128336e+00,1.092899901171682675e+00,6.539702453241188485e-01
3.235000000000000098e-01,-1.406079860347003718e+00,-3.144117480742637527e-01,3.235000000000000098e-01,1.396991608421267239e+00,1.091668112272739855e+00,6.562908458045931814e-01
3.240000000000000102e-01,-1.405294116674792315e+00,-3.148568756867130558e-01,3.239999999999999547e-01,1.396150992361505860e+00,1.090437240988079370e+00,6.586201179648255577e-01
3.245000000000000107e-01,-1.404509022010232533e+00,-3.153017318927452406e-01,3.245000000000000107e-01,1.395310753902978096e+00,1.089207290117487403e+00,6.609580896567018859e-01
3.250000000000000111e-01,-1.403724578049262206e+00,-3.157463155796741416e-01,3.250000000000000666e-01,1.394470893628936281e+00,1.087978262469587953e+00,6.633047887403670240e-01
3.255000000000000115e-01,-1.402940786492811842e+00,-3.161906256309401364e-01,3.254999999999999005e-01,1.393631412123752300e+00,1.086750160861871706e+00,6.656602430829742234e-01
3.260000000000000120e-01,-1.402157649046818388e+00,-3.166346609261039280e-01,3.259999999999999565e-01,1.392792309972922471e+00,1.085522988120714460e+00,6.680244805574422351e-01
3.265000000000000124e-01,-1.401375167422231893e+00,-3.170784203408353319e-01,3.264999999999999569e-01,1.391953587763066658e+00,1.084296747081396450e+00,6.703975290411888777e-01
3.270000000000000129e-01,-1.400593343335027940e+00,-3.175219027469048938e-01,3.270000000000001794e-01,1.391115246081932488e+00,1.083071440588122991e+00,6.727794164148458433e-01
3.275000000000000133e-01,-1.399812178506222526e+00,-3.179651070121737866e-01,3.274999999999999023e-01,1.390277285518396910e+00,1.081847071494048684e+00,6.751701705609517434e-01
3.280000000000000138e-01,-1.399031674661881386e+00,-3.184080320005853726e-01,3.279999999999999583e-01,1.389439706662467300e+00,1.080623642661296069e+00,6.775698193626287225e-01
3.285000000000000142e-01,-1.398251833533133315e+00,-3.188506765721553227e-01,3.285000000000000142e-01,1.388602510105288790e+00,1.079401156960978048e+00,6.799783907022415308e-01
3.290000000000000147e-01,-1.397472656856176609e+00,-3.192930395829634560e-01,3.290000000000000702e-01,1.387765696439139607e+00,1.078179617273213209e+00,6.823959124600494919e-01
3.295000000000000151e-01,-1.396694146372295275e+00,-3.197351198851433041e-01,3.295000000000000151e-01,1.386929266257438620e+00,1.076959026487152027e+00,6.848224125128127282e-01
3.300000000000000155e-01,-1.395916303827870575e+00,-3.201769163268741725e-01,3.299999999999999600e-01,1.386093220154744898e+00,1.075739387500996402e+00,6.872579187324044936e-01
3.305000000000000160e-01,-1.395139130974389241e+00,-3.206184277523712045e-01,3.305000000000000160e-01,1.385257558726760596e+00,1.074520703222018092e+00,6.897024589843889775e-01
3.310000000000000164e-01,-1.394362629568456136e+00,-3.210596530018774986e-01,3.310000000000000719e-01,1.384422282570333618e+00,1.073302976566578693e+00,6.921560611265931140e-01
3.315000000000000169e-01,-1.393586801371808459e+00,-3.215005909116531724e-01,3.315000000000000169e-01,1.383587392283461615e+00,1.072086210460155176e+00,6.946187530076408656e-01
3.320000000000000173e-01,-1.392811648151320858e+00,-3.219412403139691459e-01,3.319999999999999618e-01,1.382752888465290209e+00,1.070870407837351657e+00,6.970905624654926136e-01
3.325000000000000178e-01,-1.392037171679023189e+00,-3.223816000370955948e-01,3.325000000000000733e-01,1.381918771716118544e+00,1.069655571641927594e+00,6.995715173259317021e-01
3.330000000000000182e-01,-1.391263373732107178e+00,-3.228216689052947896e-01,3.330000000000000737e-01,1.381085042637402616e+00,1.068441704826812444e+00,7.020616454010694119e-01
3.335000000000000187e-01,-1.390490256092939525e+00,-3.232614457388118812e-01,3.335000000000000742e-01,1.380251701831751276e+00,1.067228810354127644e+00,7.045609744877937564e-01
3.340000000000000191e-01,-1.389717820549071448e+00,-3.237009293538658516e-01,3.340000000000000746e-01,1.379418749902936892e+00,1.066016891195205485e+00,7.070695323662268272e-01
3.345000000000000195e-01,-1.388946068893252894e+00,-3.241401185626409664e-01,3.344999999999999085e-01,1.378586187455894008e+00,1.064805950330611983e+00,7.095873467981361760e-01
3.350000000000000200e-01,-1.388175002923439427e+00,-3.245790121732781697e-01,3.350000000000000755e-01,1.377754015096717577e+00,1.063595990750161313e+00,7.121144455253489713e-01
3.355000000000000204e-01,-1.387404624442807322e+00,-3.250176089898667575e-01,3.354999999999999649e-01,1.376922233432674281e+00,1.062387015452940453e+00,7.146508562681280763e-01
3.360000000000000209e-01,-1.386634935259760226e+00,-3.254559078124349414e-01,3.359999999999999654e-01,1.376090843072194980e+00,1.061179027447325396e+00,7.171966067235343578e-01
3.365000000000000213e-01,-1.385865937187943153e+00,-3.258939074369429090e-01,3.364999999999999103e-01,1.375259844624885597e+00,1.059972029751000244e+00,7.197517245637732319e-01
3.370000000000000218e-01,-1.385097632046253580e+00,-3.263316066552712780e-01,3.370000000000000773e-01,1.374429238701524447e+00,1.058766025390982302e+00,7.223162374344956893e-01
3.375000000000000222e-01,-1.384330021658847443e+00,-3.267690042552174323e-01,3.375000000000000777e-01,1.373599025914064908e+00,1.057561017403630066e+00,7.248901729531213034e-01
3.380000000000000226e-01,-1.383563107855157792e+00,-3.272060990204821440e-01,3.379999999999999671e-01,1.372769206875640080e+00,1.056357008834675648e+00,7.274735587070857434e-01
3.385000000000000231e-01,-1.382796892469898786e+00,-3.276428897306649102e-01,3.385000000000000231e-01,1.371939782200564117e+00,1.055154002739233876e+00,7.300664222521126012e-01
3.390000000000000235e-01,-1.382031377343078349e+00,-3.280793751612535725e-01,3.390000000000000790e-01,1.371110752504332009e+00,1.053952002181824721e+00,7.326687911104389217e-01
3.395000000000000240e-01,-1.381266564320009493e+00,-3.285155540836174892e-01,3.394999999999999685e-01,1.370282118403626903e+00,1.052751010236391949e+00,7.352806927690218597e-01
3.400000000000000244e-01,-1.380502455251319649e+00,-3.289514252649985981e-01,3.399999999999999689e-01,1.369453880516318334e+00,1.051551029986321106e+00,7.379021546777259077e-01
3.405000000000000249e-01,-1.379739051992963539e+00,-3.293869874685030341e-01,3.405000000000000249e-01,1.368626039461467103e+00,1.050352064524460616e+00,7.405332042474848109e-01
3.410000000000000253e-01,-1.378976356406230952e+00,-3.298222394530949120e-01,3.410000000000000808e-01,1.367798595859325950e+00,1.049154116953135985e+00,7.431738688484456068e-01
3.415000000000000258e-01,-1.378214370357755847e+00,-3.302571799735853908e-01,3.414999999999999702e-01,1.366971550331341101e+00,1.047957190384170456e+00,7.458241758080800254e-01
3.420000000000000262e-01,-1.377453095719531673e+00,-3.306918077806275669e-01,3.419999999999998597e-01,1.366144903500159380e+00,1.046761287938904106e+00,7.484841524092860077e-01
3.425000000000000266e-01,-1.376692534368917586e+00,-3.311261216207071478e-01,3.425000000000000266e-01,1.365318655989624652e+00,1.045566412748210494e+00,7.511538258884488117e-01
3.430000000000000271e-01,-1.375932688188649777e+00,-3.315601202361349031e-01,3.430000000000000826e-01,1.364492808424784709e+00,1.044372567952514874e+00,7.538332234334972348e-01
3.435000000000000275e-01,-1.375173559066850570e+00,-3.319938023650392256e-01,3.434999999999999720e-01,1.363667361431890157e+00,1.043179756701811289e+00,7.565223721819188674e-01
3.440000000000000280e-01,-1.374415148897040861e+00,-3.324271667413588038e-01,3.439999999999999725e-01,1.362842315638400192e+00,1.041987982155682113e+00,7.592212992187642451e-01
3.445000000000000284e-01,-1.373657459578148332e+00,-3.328602120948334631e-01,3.445000000000000284e-01,1.362017671672981711e+00,1.040797247483314925e+00,7.619300315746178054e-01
3.450000000000000289e-01,-1.372900493014516332e+00,-3.332929371509987249e-01,3.450000000000000844e-01,1.361193430165514862e+00,1.039607555863517607e+00,7.646485962235519684e-01
3.455000000000000293e-01,-1.372144251115914537e+00,-3.337253406311772030e-01,3.455000000000000848e-01,1.360369591747092155e+00,1.038418910484737445e+00,7.673770200810552389e-01
3.460000000000000298e-01,-1.371388735797552272e+00,-3.341574212524711096e-01,3.459999999999999742e-01,1.359546157050023352e+00,1.037231314545081107e+00,7.701153300019201176e-01
3.465000000000000302e-01,-1.370633948980083616e+00,-3.345891777277557044e-01,3.465000000000000302e-01,1.358723126707839235e+00,1.036044771252327967e+00,7.728635527781306802e-01
3.470000000000000306e-01,-1.369879892589616288e+00,-3.350206087656713572e-01,3.470000000000000862e-01,1.357900501355287837e+00,1.034859283823944986e+00,7.756217151367189588e-01
3.475000000000000311e-01,-1.369126568557725854e+00,-3.354517130706172190e-01,3.474999999999998646e-01,1.357078281628342431e+00,1.033674855487108690e+00,7.783898437375755819e-01
3.480000000000000315e-01,-1.368373978821461723e+00,-3.358824893427427849e-01,3.479999999999999760e-01,1.356256468164204421e+00,1.032491489478718938e+00,7.811679651712604144e-01
3.485000000000000320e-01,-1.367622125323359583e+00,-3.363129362779426756e-01,3.485000000000000320e-01,1.355435061601302227e+00,1.031309189045416908e+00,7.839561059567689005e-01
3.490000000000000324e-01,-1.366871010011445620e+00,-3.367430525678485331e-01,3.489999999999999769e-01,1.354614062579293954e+00,1.030127957443597086e+00,7.867542925392937425e-01
3.495000000000000329e-01,-1.366120634839250059e+00,-3.371728368998221925e-01,3.495000000000000884e-01,1.353793471739072274e+00,1.028947797939427922e+00,7.895625512879362873e-01
3.500000000000000333e-01,-1.365371001765816494e+00,-3.376022879569490209e-01,3.499999999999999778e-01,1.352973289722765760e+00,1.027768713808867584e+00,7.923809084934019253e-01
3.505000000000000338e-01,-1.364622112755708550e+00,-3.380314044180325883e-01,3.505000000000000338e-01,1.352153517173741104e+00,1.026590708337675961e+00,7.952093903656829443e-01
3.510000000000000342e-01,-1.363873969779019202e+00,-3.384601849575860633e-01,3.510000000000000897e-01,1.351334154736605120e+00,1.025413784821433083e+00,7.980480230316864265e-01
3.515000000000000346e-01,-1.363126574811382108e+00,-3.388886282458260513e-01,3.514999999999999791e-01,1.350515203057208069e+00,1.024237946565556001e+00,8.008968325328597038e-01
3.519999999999999796e-01,-1.362379929833976933e+00,-3.393167329486679873e-01,3.520000000000000351e-01,1.349696662782645218e+00,1.023063196885309001e+00,8.037558448227797303e-01
3.524999999999999800e-01,-1.361634036833542449e+00,-3.397444977277177536e-01,3.525000000000000355e-01,1.348878534561259723e+00,1.021889539105824696e+00,8.066250857647132566e-01
3.529999999999999805e-01,-1.360888897802379427e+00,-3.401719212402669612e-01,3.530000000000000915e-01,1.348060819042646408e+00,1.020716976562112466e+00,8.095045811291534665e-01
3.534999999999999809e-01,-1.360144514738365507e+00,-3.405990021392849565e-01,3.535000000000000364e-01,1.347243516877650649e+00,1.019545512599080439e+00,8.123943565913256393e-01
3.539999999999999813e-01,-1.359400889644958976e+00,-3.410257390734150462e-01,3.539999999999999258e-01,1.346426628718373930e+00,1.018375150571543930e+00,8.152944377286683864e-01
3.544999999999999818e-01,-1.358658024531208985e+00,-3.414521306869669481e-01,3.544999999999999263e-01,1.345610155218176063e+00,1.017205893844242093e+00,8.182048500182864670e-01
3.549999999999999822e-01,-1.357915921411764426e+00,-3.418781756199112953e-01,3.549999999999999822e-01,1.344794097031675850e+00,1.016037745791853020e+00,8.211256188343732942e-01
3.554999999999999827e-01,-1.357174582306881039e+00,-3.423038725078742517e-01,3.555000000000001492e-01,1.343978454814755086e+00,1.014870709799006843e+00,8.240567694456087944e-01
3.559999999999999831e-01,-1.356434009242429184e+00,-3.427292199821316832e-01,3.560000000000000386e-01,1.343163229224560995e+00,1.013704789260297501e+00,8.269983270125269570e-01
3.564999999999999836e-01,-1.355694204249903612e+00,-3.431542166696029406e-01,3.564999999999999281e-01,1.342348420919506680e+00,1.012539987580300727e+00,8.299503165848473030e-01
3.569999999999999840e-01,-1.354955169366429013e+00,-3.435788611928469738e-01,3.569999999999999840e-01,1.341534030559276225e+00,1.011376308173582039e+00,8.329127630987991360e-01
3.574999999999999845e-01,-1.354216906634771567e+00,-3.440031521700551709e-01,3.575000000000000400e-01,1.340720058804826920e+00,1.010213754464716285e+00,8.358856913743870631e-01
3.579999999999999849e-01,-1.353479418103340493e+00,-3.444270882150472501e-01,3.579999999999999294e-01,1.339906506318387702e+00,1.009052329888293187e+00,8.388691261126562937e-01
3.584999999999999853e-01,-1.352742705826202041e+00,-3.448506679372658201e-01,3.584999999999999298e-01,1.339093373763467820e+00,1.007892037888936221e+00,8.418630918929040918e-01
3.589999999999999858e-01,-1.352006771863083934e+00,-3.452738899417711615e-01,3.589999999999999858e-01,1.338280661804854832e+00,1.006732881921312828e+00,8.448676131698792391e-01
3.594999999999999862e-01,-1.351271618279382247e+00,-3.456967528292366754e-01,3.595000000000000417e-01,1.337468371108619047e+00,1.005574865450145516e+00,8.478827142709471909e-01
3.599999999999999867e-01,-1.350537247146169850e+00,-3.461192551959437202e-01,3.599999999999999312e-01,1.336656502342112862e+00,1.004417991950226074e+00,8.509084193932193729e-01
3.604999999999999871e-01,-1.349803660540202843e+00,-3.465413956337771162e-01,3.604999999999999316e-01,1.335845056173980083e+00,1.003262264906425782e+00,8.539447526006566092e-01
3.609999999999999876e-01,-1.349070860543928552e+00,-3.469631727302207591e-01,3.609999999999999876e-01,1.335034033274149046e+00,1.002107687813707848e+00,8.569917378211499015e-01
3.614999999999999880e-01,-1.348338849245491966e+00,-3.473845850683525693e-01,3.615000000000000435e-01,1.334223434313844603e+00,1.000954264177139397e+00,8.600493988435513604e-01
3.619999999999999885e-01,-1.347607628738742402e+00,-3.478056312268409944e-01,3.619999999999999329e-01,1.333413259965583020e+00,9.998019975119014635e-01,8.631177593146972526e-01
3.624999999999999889e-01,-1.346877201123238166e+00,-3.482263097799396800e-01,3.624999999999999334e-01,1.332603510903178190e+00,9.986508913432985413e-01,8.661968427363929690e-01
3.629999999999999893e-01,-1.346147568504259429e+00,-3.486466192974844724e-01,3.629999999999999893e-01,1.331794187801744300e+00,9.975009492067750116e-01,8.692866724623441455e-01
3.634999999999999898e-01,-1.345418732992806454e+00,-3.490665583448880338e-01,3.635000000000000453e-01,1.330985291337694276e+00,9.963521746479184760e-01,8.723872716951047712e-01
3.639999999999999902e-01,-1.344690696705611144e+00,-3.494861254831383435e-01,3.640000000000000457e-01,1.330176822188749775e+00,9.952045712224728558e-01,8.754986634829458048e-01
3.644999999999999907e-01,-1.343963461765144363e+00,-3.499053192687922587e-01,3.644999999999999352e-01,1.329368781033936076e+00,9.940581424963521595e-01,8.786208707167159071e-01
3.649999999999999911e-01,-1.343237030299615720e+00,-3.503241382539741267e-01,3.649999999999999911e-01,1.328561168553590077e+00,9.929128920456415930e-01,8.817539161266811920e-01
3.654999999999999916e-01,-1.342511404442985778e+00,-3.507425809863707333e-01,3.654999999999998250e-01,1.327753985429356742e+00,9.917688234566151007e-01,8.848978222793040249e-01
3.659999999999999920e-01,-1.341786586334970499e+00,-3.511606460092284721e-01,3.659999999999999365e-01,1.326947232344198868e+00,9.906259403257420271e-01,8.880526115740089432e-01
3.664999999999999925e-01,-1.341062578121042792e+00,-3.515783318613505681e-01,3.664999999999998259e-01,1.326140909982393534e+00,9.894842462596922239e-01,8.912183062399245959e-01
3.669999999999999929e-01,-1.340339381952444953e+00,-3.519956370770942478e-01,3.669999999999999929e-01,1.325335019029538763e+00,9.883437448753507049e-01,8.943949283325688393e-01
3.674999999999999933e-01,-1.339616999986187107e+00,-3.524125601863663526e-01,3.675000000000000488e-01,1.324529560172553300e+00,9.872044397998207543e-01,8.975824997305223985e-01
3.679999999999999938e-01,-1.338895434385058758e+00,-3.528290997146214525e-01,3.680000000000000493e-01,1.323724534099680383e+00,9.860663346704372501e-01,9.007810421320622263e-01
3.684999999999999942e-01,-1.338174687317628120e+00,-3.532452541828600689e-01,3.684999999999999387e-01,1.322919941500488417e+00,9.849294331347679954e-01,9.039905770517646655e-01
3.689999999999999947e-01,-1.337454760958251221e+00,-3.536610221076249561e-01,3.689999999999999947e-01,1.322115783065876737e+00,9.837937388506262648e-01,9.072111258170729720e-01
3.694999999999999951e-01,-1.336735657487077233e+00,-3.540764020009982693e-01,3.695000000000001616e-01,1.321312059488075619e+00,9.826592554860789086e-01,9.104427095648249812e-01
3.699999999999999956e-01,-1.336017379090047363e+00,-3.544913923706017878e-01,3.699999999999999400e-01,1.320508771460649378e+00,9.815259867194455756e-01,9.136853492377771113e-01
3.704999999999999960e-01,-1.335299927958906174e+00,-3.549059917195915848e-01,3.704999999999999405e-01,1.319705919678498818e+00,9.803939362393145895e-01,9.169390655810555346e-01
3.709999999999999964e-01,-1.334583306291204696e+00,-3.553201985466588608e-01,3.709999999999999964e-01,1.318903504837862783e+00,9.792631077445458354e-01,9.202038791385943606e-01
3.714999999999999969e-01,-1.333867516290299093e+00,-3.557340113460268349e-01,3.715000000000000524e-01,1.318101527636325487e+00,9.781335049442723140e-01,9.234798102495573868e-01
3.719999999999999973e-01,-1.333152560165361322e+00,-3.561474286074489681e-01,3.719999999999999418e-01,1.317299988772809849e+00,9.770051315579123541e-01,9.267668790446849103e-01
3.724999999999999978e-01,-1.332438440131380464e+00,-3.565604488162087415e-01,3.724999999999999423e-01,1.316498888947589929e+00,9.758779913151717222e-01,9.300651054426447573e-01
3.729999999999999982e-01,-1.331725158409167609e+00,-3.569730704531171028e-01,3.729999999999999982e-01,1.315698228862284269e+00,9.747520879560505058e-01,9.333745091463280241e-01
3.734999999999999987e-01,-1.331012717225356745e+00,-3.573852919945115225e-01,3.735000000000000542e-01,1.314898009219866992e+00,9.736274252308452226e-01,9.366951096391215037e-01
3.739999999999999991e-01,-1.330301118812410532e+00,-3.577971119122559940e-01,3.739999999999999436e-01,1.314098230724666028e+00,9.725040069001544829e-01,9.400269261811438071e-01
3.744999999999999996e-01,-1.329590365408623409e+00,-3.582085286737392016e-01,3.744999999999998330e-01,1.313298894082362889e+00,9.713818367348842076e-01,9.433699778054442930e-01
3.750000000000000000e-01,-1.328880459258126034e+00,-3.586195407418742986e-01,3.750000000000000000e-01,1.312500000000000444e+00,9.702609185162517358e-01,9.467242833141628067e-01
3.755000000000000004e-01,-1.328171402610883511e+00,-3.590301465750981857e-01,3.755000000000000560e-01,1.311701549185981142e+00,9.691412560357852701e-01,9.500898612746762062e-01
3.760000000000000009e-01,-1.327463197722702493e+00,-3.594403446273721214e-01,3.760000000000000564e-01,1.310903542350074114e+00,9.680228530953303157e-01,9.534667300156872694e-01
3.765000000000000013e-01,-1.326755846855233401e+00,-3.598501333481802789e-01,3.764999999999999458e-01,1.310105980203413845e+00,9.669057135070531217e-01,9.568549076232841788e-01
3.770000000000000018e-01,-1.326049352275973092e+00,-3.602595111825305785e-01,3.770000000000000018e-01,1.309308863458503502e+00,9.657898410934424582e-01,9.602544119369785802e-01
3.775000000000000022e-01,-1.325343716258262416e+00,-3.606684765709546325e-01,3.775000000000000577e-01,1.308512192829217380e+00,9.646752396873077284e-01,9.636652605456924592e-01
3.780000000000000027e-01,-1.324638941081295096e+00,-3.610770279495085222e-01,3.779999999999999472e-01,1.307715969030803560e+00,9.635619131317865182e-01,9.670874707837228135e-01
3.785000000000000031e-01,-1.323935029030116395e+00,-3.614851637497738523e-01,3.784999999999999476e-01,1.306920192779889911e+00,9.624498652803425980e-01,9.705210597266614725e-01
3.790000000000000036e-01,-1.323231982395622897e+00,-3.618928823988561416e-01,3.790000000000000036e-01,1.306124864794479201e+00,9.613390999967668105e-01,9.739660441872849406e-01
3.795000000000000040e-01,-1.322529803474568277e+00,-3.623001823193901516e-01,3.795000000000000595e-01,1.305329985793958869e+00,9.602296211551781813e-01,9.774224407114142643e-01
3.800000000000000044e-01,-1.321828494569561752e+00,-3.627070619295353349e-01,3.800000000000000600e-01,1.304535556499097249e+00,9.591214326400263612e-01,9.808902655737221643e-01
3.805000000000000049e-01,-1.321128057989070737e+00,-3.631135196429824408e-01,3.804999999999998384e-01,1.303741577632052673e+00,9.580145383460882957e-01,9.843695347735242906e-01
3.810000000000000053e-01,-1.320428496047417521e+00,-3.635195538689523498e-01,3.810000000000000053e-01,1.302948049916369699e+00,9.569089421784651162e-01,9.878602640305419458e-01
3.815000000000000058e-01,-1.319729811064788816e+00,-3.639251630121984604e-01,3.814999999999998392e-01,1.302154974076987326e+00,9.558046480525903554e-01,9.913624687805832059e-01
3.820000000000000062e-01,-1.319032005367228422e+00,-3.643303454730081881e-01,3.819999999999999507e-01,1.301362350840236548e+00,9.547016598942201782e-01,9.948761641712464687e-01
3.825000000000000067e-01,-1.318335081286639010e+00,-3.647350996472054629e-01,3.824999999999999512e-01,1.300570180933845021e+00,9.535999816394336026e-01,9.984013650575565002e-01
3.830000000000000071e-01,-1.317639041160786562e+00,-3.651394239261532837e-01,3.830000000000000071e-01,1.299778465086939727e+00,9.524996172346332779e-01,1.001938085997563066e+00
3.835000000000000075e-01,-1.316943887333294150e+00,-3.655433166967554381e-01,3.835000000000000631e-01,1.298987204030049858e+00,9.514005706365387116e-01,1.005486341247926685e+00
3.840000000000000080e-01,-1.316249622153647936e+00,-3.659467763414611663e-01,3.840000000000000635e-01,1.298196398495108816e+00,9.503028458121867139e-01,1.009046144759440766e+00
3.845000000000000084e-01,-1.315556247977190729e+00,-3.663498012382651048e-01,3.844999999999999529e-01,1.297406049215456436e+00,9.492064467389256244e-01,1.012617510172540758e+00
3.850000000000000089e-01,-1.314863767165127095e+00,-3.667523897607134487e-01,3.850000000000000089e-01,1.296616156925840757e+00,9.481113774044136466e-01,1.016200450812763556e+00
3.855000000000000093e-01,-1.314172182084517138e+00,-3.671545402779053946e-01,3.855000000000000648e-01,1.295826722362422467e+00,9.470176418066117430e-01,1.019794979686177827e+00
3.860000000000000098e-01,-1.313481495108279162e+00,-3.675562511544973598e-01,3.859999999999999543e-01,1.295037746262776457e+00,9.459252439537817470e-01,1.023401109474778137e+00
3.865000000000000102e-01,-1.312791708615186348e+00,-3.679575207507074230e-01,3.865000000000000657e-01,1.294249229365893816e+00,9.448341878644789249e-01,1.027018852531841109e+00
3.870000000000000107e-01,-1.312102824989868299e+00,-3.683583474223177667e-01,3.870000000000000107e-01,1.293461172412186055e+00,9.437444775675505326e-01,1.030648220877240506e+00
3.875000000000000111e-01,-1.311414846622803054e+00,-3.687587295206810611e-01,3.875000000000000666e-01,1.292673576143483993e+00,9.426561171021219376e-01,1.034289226192751876e+00
3.880000000000000115e-01,-1.310727775910321746e+00,-3.691586653927227402e-01,3.880000000000000671e-01,1.291886441303044197e+00,9.415691105175989506e-01,1.037941879817279034e+00
3.885000000000000120e-01,-1.310041615254603498e+00,-3.695581533809477737e-01,3.884999999999999565e-01,1.291099768635550982e+00,9.404834618736557239e-01,1.041606192742084547e+00
3.890000000000000124e-01,-1.309356367063671422e+00,-3.699571918234443313e-01,3.890000000000000124e-01,1.290313558887115519e+00,9.393991752402270912e-01,1.045282175605962705e+00
3.895000000000000129e-01,-1.308672033751393959e+00,-3.703557790538895000e-01,3.895000000000000684e-01,1.289527812805283391e+00,9.383162546975044593e-01,1.048969838690381406e+00
3.900000000000000133e-01,-1.307988617737477099e+00,-3.707539134015539473e-01,3.900000000000000688e-01,1.288742531139031033e+00,9.372347043359231522e-01,1.052669191914594737e+00
3.905000000000000138e-01,-1.307306121447466163e+00,-3.711515931913086930e-01,3.904999999999998472e-01,1.287957714638774842e+00,9.361545282561574144e-01,1.056380244830704918e+00
3.910000000000000142e-01,-1.306624547312738027e+00,-3.715488167436308831e-01,3.910000000000002363e-01,1.287173364056369174e+00,9.350757305691070886e-01,1.060103006618709376e+00
3.915000000000000147e-01,-1.305943897770501350e+00,-3.719455823746081746e-01,3.915000000000000702e-01,1.286389480145109232e+00,9.339983153958931750e-01,1.063837486081488759e+00
3.920000000000000151e-01,-1.305264175263788573e+00,-3.723418883959481174e-01,3.920000000000000706e-01,1.285606063659736620e+00,9.329222868678404001e-01,1.067583691639788057e+00
3.925000000000000155e-01,-1.304585382241454816e+00,-3.727377331149823170e-01,3.925000000000000711e-01,1.284823115356437118e+00,9.318476491264724437e-01,1.071341631327132671e+00
3.930000000000000160e-01,-1.303907521158174321e+00,-3.731331148346739846e-01,3.930000000000000160e-01,1.284040635992848234e+00,9.307744063235003917e-01,1.075111312784719386e+00
3.935000000000000164e-01,-1.303230594474431570e+00,-3.735280318536262634e-01,3.935000000000000719e-01,1.283258626328058316e+00,9.297025626208053062e-01,1.078892743256295583e+00
3.940000000000000169e-01,-1.302554604656521064e+00,-3.739224824660876134e-01,3.940000000000000724e-01,1.282477087122609216e+00,9.286321221904334511e-01,1.082685929582955398e+00
3.945000000000000173e-01,-1.301879554176538001e+00,-3.743164649619616924e-01,3.944999999999999618e-01,1.281696019138499842e+00,9.275630892145763084e-01,1.086490878197955201e+00
3.950000000000000178e-01,-1.301205445512376491e+00,-3.747099776268134619e-01,3.949999999999999067e-01,1.280915423139189713e+00,9.264954678855630288e-01,1.090307595121440709e+00
3.955000000000000182e-01,-1.300532281147721569e+00,-3.751030187418776807e-01,3.955000000000000737e-01,1.280135299889598954e+00,9.254292624058438888e-01,1.094136085955187632e+00
3.960000000000000187e-01,-1.299860063572043423e+00,-3.754955865840690077e-01,3.960000000000002962e-01,1.279355650156112079e+00,9.243644769879744150e-01,1.097976355877270160e+00
3.965000000000000191e-01,-1.299188795280592279e+00,-3.758876794259881637e-01,3.964999999999999636e-01,1.278576474706580868e+00,9.233011158546040598e-01,1.101828409636717243e+00
3.970000000000000195e-01,-1.298518478774391971e+00,-3.762792955359335334e-01,3.970000000000000195e-01,1.277797774310325263e+00,9.222391832384584376e-01,1.105692251548120453e+00
3.975000000000000200e-01,-1.297849116560230387e+00,-3.766704331779081594e-01,3.975000000000000755e-01,1.277019549738138249e+00,9.211786833823222276e-01,1.109567885486220540e+00
3.980000000000000204e-01,-1.297180711150655252e+00,-3.770610906116310668e-01,3.980000000000000759e-01,1.276241801762286299e+00,9.201196205390241856e-01,1.113455314880452018e+00
3.985000000000000209e-01,-1.296513265063967246e+00,-3.774512660925457008e-01,3.984999999999999654e-01,1.275464531156513814e+00,9.190619989714214899e-01,1.117354542709442899e+00
3.990000000000000213e-01,-1.295846780824210231e+00,-3.778409578718316952e-01,3.990000000000000213e-01,1.274687738696041794e+00,9.180058229523785363e-01,1.121265571495505098e+00
3.995000000000000218e-01,-1.295181260961162817e+00,-3.782301641964133099e-01,3.995000000000000773e-01,1.273911425157575605e+00,9.169510967647495070e-01,1.125188403299073325e+00
4.000000000000000222e-01,-1.294516708010332806e+00,-3.786188833089724204e-01,4.000000000000000777e-01,1.273135591319305204e+00,9.158978247013603857e-01,1.129123039713114229e+00
4.005000000000000226e-01,-1.293853124512947650e+00,-3.790071134479568449e-01,4.004999999999999671e-01,1.272360237960903806e+00,9.148460110649907495e-01,1.133069481857498673e+00
4.010000000000000231e-01,-1.293190513015944898e+00,-3.793948528475943882e-01,4.010000000000000231e-01,1.271585365863538541e+00,9.137956601683505653e-01,1.137027730373345369e+00
4.015000000000000235e-01,-1.292528876071962429e+00,-3.797820997379023344e-01,4.015000000000000790e-01,1.270810975809864907e+00,9.127467763340600948e-01,1.140997785417339427e+00
4.020000000000000240e-01,-1.291868216239331568e+00,-3.801688523447002144e-01,4.019999999999999685e-01,1.270037068584032092e+00,9.116993638946313538e-01,1.144979646655994943e+00
4.025000000000000244e-01,-1.291208536082065983e+00,-3.805551088896220735e-01,4.024999999999999689e-01,1.269263644971688088e+00,9.106534271924439095e-01,1.148973313259904039e+00
4.030000000000000249e-01,-1.290549838169849917e+00,-3.809408675901292396e-01,4.030000000000001359e-01,1.268490705759979242e+00,9.096089705797206770e-01,1.152978783897958825e+00
4.035000000000000253e-01,-1.289892125078033080e+00,-3.813261266595219245e-01,4.035000000000000808e-01,1.267718251737554702e+00,9.085659984185111560e-01,1.156996056731505185e+00
4.040000000000000258e-01,-1.289235399387612002e+00,-3.817108843069537683e-01,4.040000000000000813e-01,1.266946283694564634e+00,9.075245150806582339e-01,1.161025129408521872e+00
4.045000000000000262e-01,-1.288579663685224919e+00,-3.820951387374440511e-01,4.044999999999999707e-01,1.266174802422668888e+00,9.064845249477808675e-01,1.165065999057711243e+00
4.050000000000000266e-01,-1.287924920563141562e+00,-3.824788881518931816e-01,4.050000000000000266e-01,1.265403808715034772e+00,9.054460324112483249e-01,1.169118662282590426e+00
4.055000000000000271e-01,-1.287271172619246506e+00,-3.828621307470947421e-01,4.055000000000000826e-01,1.264633303366341277e+00,9.044090418721517644e-01,1.173183115155547407e+00
4.060000000000000275e-01,-1.286618422457030508e+00,-3.832448647157512545e-01,4.059999999999999720e-01,1.263863287172781069e+00,9.033735577412792539e-01,1.177259353211860260e+00
4.065000000000000280e-01,-1.285966672685576517e+00,-3.836270882464882792e-01,4.064999999999999725e-01,1.263093760932064713e+00,9.023395844390882381e-01,1.181347371443691507e+00
4.070000000000000284e-01,-1.285315925919549684e+00,-3.840087995238697927e-01,4.070000000000000284e-01,1.262324725443419560e+00,9.013071263956798918e-01,1.185447164294040956e+00
4.075000000000000289e-01,-1.284666184779182485e+00,-3.843899967284141739e-01,4.074999999999999734e-01,1.261556181507597074e+00,9.002761880507683667e-01,1.189558725650682991e+00
4.080000000000000293e-01,-1.284017451890260730e+00,-3.847706780366081936e-01,4.080000000000000848e-01,1.260788129926868395e+00,8.992467738536524813e-01,1.193682048840070342e+00
4.085000000000000298e-01,-1.283369729884110910e+00,-3.851508416209246111e-01,4.084999999999999742e-01,1.260020571505035880e+00,8.982188882631862992e-01,1.197817126621199213e+00
4.090000000000000302e-01,-1.282723021397587537e+00,-3.855304856498385502e-01,4.090000000000000302e-01,1.259253507047426224e+00,8.971925357477490426e-01,1.201963951179458201e+00
4.095000000000000306e-01,-1.282077329073057159e+00,-3.859096082878433198e-01,4.095000000000000862e-01,1.258486937360900448e+00,8.961677207852138949e-01,1.206122514120439027e+00
4.100000000000000311e-01,-1.281432655558382816e+00,-3.862882076954691213e-01,4.099999999999999756e-01,1.257720863253851906e+00,8.951444478629136947e-01,1.210292806463728832e+00
4.105000000000000315e-01,-1.280789003506911161e+00,-3.866662820292976477e-01,4.105000000000000870e-01,1.256955285536209388e+00,8.941227214776135135e-01,1.214474818636663622e+00
4.110000000000000320e-01,-1.280146375577457141e+00,-3.870438294419838443e-01,4.110000000000000320e-01,1.256190205019441120e+00,8.931025461354733519e-01,1.218668540468052841e+00
4.115000000000000324e-01,-1.279504774434285563e+00,-3.874208480822700085e-01,4.115000000000000879e-01,1.255425622516555872e+00,8.920839263520154994e-01,1.222873961181904612e+00
4.120000000000000329e-01,-1.278864202747098222e+00,-3.877973360950080495e-01,4.120000000000000884e-01,1.254661538842106738e+00,8.910668666520902281e-01,1.227091069391082367e+00
4.125000000000000333e-01,-1.278224663191015686e+00,-3.881732916211753648e-01,4.124999999999998668e-01,1.253897954812190907e+00,8.900513715698403772e-01,1.231319853090963923e+00
4.130000000000000338e-01,-1.277586158446559983e+00,-3.885487127978962119e-01,4.130000000000000338e-01,1.253134871244456550e+00,8.890374456486638266e-01,1.235560299653076566e+00
4.135000000000000342e-01,-1.276948691199638830e+00,-3.889235977584599158e-01,4.135000000000000897e-01,1.252372288958098601e+00,8.880250934411788588e-01,1.239812395818681745e+00
4.140000000000000346e-01,-1.276312264141525876e+00,-3.892979446323415194e-01,4.139999999999998681e-01,1.251610208773867861e+00,8.870143195091844124e-01,1.244076127692366418e+00
4.145000000000000351e-01,-1.275676879968848265e+00,-3.896717515452228220e-01,4.145000000000000906e-01,1.250848631514070552e+00,8.860051284236254432e-01,1.248351480735580665e+00
4.150000000000000355e-01,-1.275042541383559325e+00,-3.900450166190115309e-01,4.149999999999999245e-01,1.250087558002570098e+00,8.849975247645478493e-01,1.252638439760176414e+00
4.155000000000000360e-01,-1.274409251092927686e+00,-3.904177379718641316e-01,4.155000000000000915e-01,1.249326989064792004e+00,8.839915131210636101e-01,1.256936988921914411e+00
4.160000000000000364e-01,-1.273777011809514192e+00,-3.907899137182058169e-01,4.160000000000000919e-01,1.248566925527719862e+00,8.829870980913083756e-01,1.261247111713936109e+00
4.164999999999999813e-01,-1.273145826251154134e+00,-3.911615419687534678e-01,4.164999999999999258e-01,1.247807368219908009e+00,8.819842842824006102e-01,1.265568790960231116e+00
4.169999999999999818e-01,-1.272515697140937041e+00,-3.915326208305381916e-01,4.169999999999999263e-01,1.247048317971475306e+00,8.809830763103988494e-01,1.269902008809069338e+00
4.174999999999999822e-01,-1.271886627207184262e+00,-3.919031484069268045e-01,4.174999999999999822e-01,1.246289775614111583e+00,8.799834788002574015e-01,1.274246746726432677e+00
4.179999999999999827e-01,-1.271258619183431193e+00,-3.922731227976463120e-01,4.179999999999999272e-01,1.245531741981078522e+00,8.789854963857848258e-01,1.278602985489399435e+00
4.184999999999999831e-01,-1.270631675808405969e+00,-3.926425420988057802e-01,4.185000000000000386e-01,1.244774217907211211e+00,8.779891337096001891e-01,1.282970705179520499e+00
4.189999999999999836e-01,-1.270005799826003701e+00,-3.930114044029220932e-01,4.189999999999999281e-01,1.244017204228926143e+00,8.769943954230816630e-01,1.287349885176192643e+00
4.194999999999999840e-01,-1.269380993985272266e+00,-3.933797077989433788e-01,4.194999999999999840e-01,1.243260701784215660e+00,8.760012861863288869e-01,1.291740504149980762e+00
4.199999999999999845e-01,-1.268757261040381445e+00,-3.937474503722731001e-01,4.200000000000000400e-01,1.242504711412654617e+00,8.750098106681083454e-01,1.296142540055951198e+00
4.204999999999999849e-01,-1.268134603750606715e+00,-3.941146302047957017e-01,4.204999999999999294e-01,1.241749233955402154e+00,8.740199735458109576e-01,1.300555970126969330e+00
4.209999999999999853e-01,-1.267513024880302597e+00,-3.944812453749033665e-01,4.209999999999999298e-01,1.240994270255206144e+00,8.730317795053992302e-01,1.304980770866996931e+00
4.214999999999999858e-01,-1.266892527198880014e+00,-3.948472939575197738e-01,4.214999999999999858e-01,1.240239821156400524e+00,8.720452332413601848e-01,1.309416918044351341e+00
4.219999999999999862e-01,-1.266273113480783641e+00,-3.952127740241277443e-01,4.220000000000000417e-01,1.239485887504911066e+00,8.710603394566558411e-01,1.313864386684968411e+00
4.224999999999999867e-01,-1.265654786505463036e+00,-3.955776836427967735e-01,4.225000000000000422e-01,1.238732470148259823e+00,8.700771028626662629e-01,1.318323151065655674e+00
4.229999999999999871e-01,-1.265037549057354438e+00,-3.959420208782081230e-01,4.229999999999999316e-01,1.237979569935562241e+00,8.690955281791463705e-01,1.322793184707297343e+00
4.234999999999999876e-01,-1.264421403925850118e+00,-3.963057837916849069e-01,4.234999999999998765e-01,1.237227187717535370e+00,8.681156201341652112e-01,1.327274460368093045e+00
4.239999999999999880e-01,-1.263806353905274182e+00,-3.966689704412184603e-01,4.240000000000000435e-01,1.236475324346492100e+00,8.671373834640556666e-01,1.331766950036748387e+00
4.244999999999999885e-01,-1.263192401794855702e+00,-3.970315788814967606e-01,4.245000000000000440e-01,1.235723980676352474e+00,8.661608229133589409e-01,1.336270624925665951e+00
4.249999999999999889e-01,-1.262579550398705175e+00,-3.973936071639357914e-01,4.249999999999998224e-01,1.234973157562641033e+00,8.651859432347693835e-01,1.340785455464137854e+00
4.254999999999999893e-01,-1.261967802525783000e+00,-3.977550533367061325e-01,4.254999999999999893e-01,1.234222855862489254e+00,8.642127491890768676e-01,1.345311411291503667e+00
4.259999999999999898e-01,-1.261357160989875936e+00,-3.981159154447648785e-01,4.260000000000000453e-01,1.233473076434640880e+00,8.632412455451110578e-01,1.349848461250322318e+00
4.264999999999999902e-01,-1.260747628609565130e+00,-3.984761915298836166e-01,4.265000000000000457e-01,1.232723820139448589e+00,8.622714370796815686e-01,1.354396573379521129e+00
4.269999999999999907e-01,-1.260139208208201911e+00,-3.988358796306821774e-01,4.269999999999999352e-01,1.231975087838884431e+00,8.613033285775197889e-01,1.358955714907542189e+00
4.274999999999999911e-01,-1.259531902613874710e+00,-3.991949777826576673e-01,4.274999999999999911e-01,1.231226880396532053e+00,8.603369248312170425e-01,1.363525852245490722e+00
4.279999999999999916e-01,-1.258925714659382633e+00,-3.995534840182172753e-01,4.279999999999998250e-01,1.230479198677599584e+00,8.593722306411653022e-01,1.368106950980261249e+00
4.284999999999999920e-01,-1.258320647182204155e+00,-3.999113963667091931e-01,4.285000000000000475e-01,1.229732043548913412e+00,8.584092508154950174e-01,1.372698975867665538e+00
4.289999999999999925e-01,-1.257716703024468474e+00,-4.002687128544575312e-01,4.289999999999999369e-01,1.228985415878925958e+00,8.574479901700109430e-01,1.377301890825573416e+00
4.294999999999999929e-01,-1.257113885032922207e+00,-4.006254315047925174e-01,4.295000000000001039e-01,1.228239316537714787e+00,8.564884535281296341e-01,1.381915658927020951e+00
4.299999999999999933e-01,-1.256512196058899633e+00,-4.009815503380857460e-01,4.300000000000000488e-01,1.227493746396985275e+00,8.555306457208138315e-01,1.386540242393337508e+00
4.304999999999999938e-01,-1.255911638958290943e+00,-4.013370673717850390e-01,4.305000000000000493e-01,1.226748706330075711e+00,8.545745715865058489e-01,1.391175602587277016e+00
4.309999999999999942e-01,-1.255312216591509600e+00,-4.016919806204463650e-01,4.310000000000000497e-01,1.226004197211955971e+00,8.536202359710631793e-01,1.395821700006117716e+00
4.314999999999999947e-01,-1.254713931823460582e+00,-4.020462880957712537e-01,4.314999999999999947e-01,1.225260219919231730e+00,8.526676437276893283e-01,1.400478494274805419e+00
4.319999999999999951e-01,-1.254116787523504861e+00,-4.023999878066412128e-01,4.320000000000000506e-01,1.224516775330146690e+00,8.517167997168636484e-01,1.405145944139069902e+00
4.324999999999999956e-01,-1.253520786565428535e+00,-4.027530777591534217e-01,4.325000000000000511e-01,1.223773864324582128e+00,8.507677088062750581e-01,1.409824007458545747e+00
4.329999999999999960e-01,-1.252925931827405748e+00,-4.031055559566580904e-01,4.329999999999998295e-01,1.223031487784064009e+00,8.498203758707476574e-01,1.414512641199922260e+00
4.334999999999999964e-01,-1.252332226191967379e+00,-4.034574203997947639e-01,4.335000000000001075e-01,1.222289646591762313e+00,8.488748057921726708e-01,1.419211801430060094e+00
4.339999999999999969e-01,-1.251739672545963078e+00,-4.038086690865294037e-01,4.340000000000000524e-01,1.221548341632492374e+00,8.479310034594336187e-01,1.423921443309150936e+00
4.344999999999999973e-01,-1.251148273780525511e+00,-4.041593000121936341e-01,4.345000000000000528e-01,1.220807573792719092e+00,8.469889737683318209e-01,1.428641521083865662e+00
4.349999999999999978e-01,-1.250558032791036833e+00,-4.045093111695213239e-01,4.349999999999999423e-01,1.220067343960558714e+00,8.460487216215155648e-01,1.433371988080505588e+00
4.354999999999999982e-01,-1.249968952477089612e+00,-4.048587005486894985e-01,4.354999999999998872e-01,1.219327653025778613e+00,8.451102519284001691e-01,1.438112796698186813e+00
4.359999999999999987e-01,-1.249381035742448853e+00,-4.052074661373569753e-01,4.360000000000000542e-01,1.218588501879805275e+00,8.441735696050918225e-01,1.442863898402020562e+00
4.364999999999999991e-01,-1.248794285495017808e+00,-4.055556059207022224e-01,4.365000000000000546e-01,1.217849891415719865e+00,8.432386795743156416e-01,1.447625243716283538e+00
4.369999999999999996e-01,-1.248208704646794676e+00,-4.059031178814683227e-01,4.369999999999999440e-01,1.217111822528263998e+00,8.423055867653264084e-01,1.452396782217669324e+00
4.375000000000000000e-01,-1.247624296113841513e+00,-4.062500000000000000e-01,4.375000000000000000e-01,1.216374296113841513e+00,8.413742961138415133e-01,1.457178462528453622e+00
4.380000000000000004e-01,-1.247041062816233392e+00,-4.065962502542868062e-01,4.379999999999999449e-01,1.215637313070520031e+00,8.404448125619465859e-01,1.461970232309796058e+00
4.385000000000000009e-01,-1.246459007678029529e+00,-4.069418666200046997e-01,4.385000000000000564e-01,1.214900874298034505e+00,8.395171410580248850e-01,1.466772038254937405e+00
4.390000000000000013e-01,-1.245878133627228213e+00,-4.072868470705591770e-01,4.389999999999999458e-01,1.214164980697786778e+00,8.385912865566690355e-01,1.471583826082511148e+00
4.395000000000000018e-01,-1.245298443595724613e+00,-4.076311895771277394e-01,4.395000000000000018e-01,1.213429633172852018e+00,8.376672540185968741e-01,1.476405540529820648e+00
4.400000000000000022e-01,-1.244719940519271928e+00,-4.079748921087030800e-01,4.400000000000000577e-01,1.212694832627975172e+00,8.367450484105688480e-01,1.481237125346154038e+00
4.405000000000000027e-01,-1.244142627337438300e+00,-4.083179526321386588e-01,4.404999999999998361e-01,1.211960579969576735e+00,8.358246747052996417e-01,1.486078523286130215e+00
4.410000000000000031e-01,-1.243566506993564413e+00,-4.086603691121927229e-01,4.410000000000000586e-01,1.211226876105757411e+00,8.349061378813716905e-01,1.490929676103052604e+00
4.415000000000000036e-01,-1.242991582434719966e+00,-4.090021395115719938e-01,4.415000000000000036e-01,1.210493721946291901e+00,8.339894429231480277e-01,1.495790524542293332e+00
4.420000000000000040e-01,-1.242417856611660598e+00,-4.093432617909799065e-01,4.420000000000000595e-01,1.209761118402640001e+00,8.330745948206806917e-01,1.500661008334710944e+00
4.425000000000000044e-01,-1.241845332478783703e+00,-4.096837339091615737e-01,4.425000000000000600e-01,1.209029066387945273e+00,8.321615985696221296e-01,1.505541066190093202e+00
4.430000000000000049e-01,-1.241274012994083353e+00,-4.100235538229500820e-01,4.429999999999999494e-01,1.208297566817033042e+00,8.312504591711332713e-01,1.510430635790617204e+00
4.435000000000000053e-01,-1.240703901119105002e+00,-4.103627194873152306e-01,4.435000000000000053e-01,1.207566620606419949e+00,8.303411816317898264e-01,1.515329653784359243e+00
4.440000000000000058e-01,-1.240134999818900408e+00,-4.107012288554102164e-01,4.440000000000000613e-01,1.206836228674310396e+00,8.294337709634902467e-01,1.520238055778823538e+00
4.445000000000000062e-01,-1.239567312061979898e+00,-4.110390798786215938e-01,4.445000000000000617e-01,1.206106391940601208e+00,8.285282321833582486e-01,1.525155776334517377e+00
4.450000000000000067e-01,-1.239000840820266180e+00,-4.113762705066163483e-01,4.449999999999998401e-01,1.205377111326882300e+00,8.276245703136497767e-01,1.530082748958540018e+00
4.455000000000000071e-01,-1.238435589069047715e+00,-4.117127986873929668e-01,4.455000000000000071e-01,1.204648387756441341e+00,8.267227903816547485e-01,1.535018906098228220e+00
4.460000000000000075e-01,-1.237871559786929865e+00,-4.120486623673316195e-01,4.460000000000000631e-01,1.203920222154262198e+00,8.258228974195982452e-01,1.539964179134834632e+00
4.465000000000000080e-01,-1.237308755955783379e+00,-4.123838594912434541e-01,4.464999999999998415e-01,1.203192615447027158e+00,8.249248964645399251e-01,1.544918498377253702e+00
4.470000000000000084e-01,-1.236747180560700432e+00,-4.127183880024237195e-01,4.469999999999999529e-01,1.202465568563124476e+00,8.240287925582767681e-01,1.549881793055762236e+00
4.475000000000000089e-01,-1.236186836589941773e+00,-4.130522458427021704e-01,4.475000000000000089e-01,1.201739082432643713e+00,8.231345907472396028e-01,1.554853991315833683e+00
4.480000000000000093e-01,-1.235627727034884771e+00,-4.133854309524966908e-01,4.480000000000000648e-01,1.201013157987381286e+00,8.222422960823880800e-01,1.559835020211990164e+00
4.485000000000000098e-01,-1.235069854889976559e+00,-4.137179412708640869e-01,4.484999999999999543e-01,1.200287796160841358e+00,8.213519136191125281e-01,1.564824805701670929e+00
4.490000000000000102e-01,-1.234513223152679862e+00,-4.140497747355578184e-01,4.490000000000000657e-01,1.199562997888237836e+00,8.204634484171220432e-01,1.569823272639205403e+00
4.495000000000000107e-01,-1.233957834823419919e+00,-4.143809292830767377e-01,4.495000000000000107e-01,1.198838764106496146e+00,8.195769055403432368e-01,1.574830344769782453e+00
4.500000000000000111e-01,-1.233403692905533644e+00,-4.147114028487247084e-01,4.500000000000000666e-01,1.198115095754257897e+00,8.186922900568089911e-01,1.579845944723502260e+00
4.505000000000000115e-01,-1.232850800405215885e+00,-4.150411933666627862e-01,4.505000000000000671e-01,1.197391993771878438e+00,8.178096070385530991e-01,1.584869994009467487e+00
4.510000000000000120e-01,-1.232299160331466137e+00,-4.153702987699654514e-01,4.509999999999999565e-01,1.196669459101431521e+00,8.169288615615006854e-01,1.589902413009921522e+00
4.515000000000000124e-01,-1.231748775696031917e+00,-4.156987169906796731e-01,4.515000000000000124e-01,1.195947492686711300e+00,8.160500587053522992e-01,1.594943120974482653e+00
4.520000000000000129e-01,-1.231199649513354366e+00,-4.160264459598778664e-01,4.519999999999998463e-01,1.195226095473231887e+00,8.151732035534764442e-01,1.599992036014385999e+00
4.525000000000000133e-01,-1.230651784800513404e+00,-4.163534836077191770e-01,4.524999999999999578e-01,1.194505268408233345e+00,8.142983011927942272e-01,1.605049075096817379e+00
4.530000000000000138e-01,-1.230105184577173993e+00,-4.166798278635057140e-01,4.530000000000000693e-01,1.193785012440679694e+00,8.134253567136682239e-01,1.610114154039284040e+00
4.535000000000000142e-01,-1.229559851865522635e+00,-4.170054766557414472e-01,4.535000000000000142e-01,1.193065328521263568e+00,8.125543752097812433e-01,1.615187187504086408e+00
4.540000000000000147e-01,-1.229015789690214078e+00,-4.173304279121930471e-01,4.540000000000000702e-01,1.192346217602407110e+00,8.116853617780210861e-01,1.620268088992828037e+00
4.545000000000000151e-01,-1.228473001078313365e+00,-4.176546795599472284e-01,4.545000000000000706e-01,1.191627680638260411e+00,8.108183215183661918e-01,1.625356770840978182e+00
4.550000000000000155e-01,-1.227931489059236547e+00,-4.179782295254745872e-01,4.549999999999999600e-01,1.190909718584711063e+00,8.099532595337619600e-01,1.630453144212552274e+00
4.555000000000000160e-01,-1.227391256664690733e+00,-4.183010757346884434e-01,4.555000000000000160e-01,1.190192332399378827e+00,8.090901809300022895e-01,1.635557119094805945e+00
4.560000000000000164e-01,-1.226852306928614134e+00,-4.186232161130076790e-01,4.560000000000000719e-01,1.189475523041621408e+00,8.082290908156064546e-01,1.640668604293056942e+00
4.565000000000000169e-01,-1.226314642887116335e+00,-4.189446485854189661e-01,4.564999999999999614e-01,1.188759291472535340e+00,8.073699943016974245e-01,1.645787507425533036e+00
4.570000000000000173e-01,-1.225778267578416569e+00,-4.192653710765391617e-01,4.569999999999998508e-01,1.188043638654955991e+00,8.065128965018774077e-01,1.650913734918329157e+00
4.575000000000000178e-01,-1.225243184042781541e+00,-4.195853815106805329e-01,4.575000000000001288e-01,1.187328565553462667e+00,8.056578025321010639e-01,1.656047192000430712e+00
4.580000000000000182e-01,-1.224709395322464811e+00,-4.199046778119126522e-01,4.580000000000000737e-01,1.186614073134377279e+00,8.048047175105521589e-01,1.661187782698807736e+00
4.585000000000000187e-01,-1.224176904461639737e+00,-4.202232579041291216e-01,4.585000000000000742e-01,1.185900162365769006e+00,8.039536465575105595e-01,1.666335409833630710e+00
4.590000000000000191e-01,-1.223645714506341076e+00,-4.205411197111127430e-01,4.589999999999999636e-01,1.185186834217453633e+00,8.031045947952283326e-01,1.671489975013509932e+00
4.595000000000000195e-01,-1.223115828504396596e+00,-4.208582611566003551e-01,4.595000000000000195e-01,1.184474089660996654e+00,8.022575673477962965e-01,1.676651378630865663e+00
4.600000000000000200e-01,-1.222587249505363349e+00,-4.211746801643514448e-01,4.600000000000001865e-01,1.183761929669715052e+00,8.014125693410119045e-01,1.681819519857396639e+00
4.605000000000000204e-01,-1.222059980560463943e+00,-4.214903746582130406e-01,4.604999999999999649e-01,1.183050355218676852e+00,8.005696059022509026e-01,1.686994296639571234e+00
4.610000000000000209e-01,-1.221534024722517264e+00,-4.218053425621901553e-01,4.609999999999999654e-01,1.182339367284707121e+00,7.997286821603271090e-01,1.692175605694302476e+00
4.615000000000000213e-01,-1.221009385045873863e+00,-4.221195818005123446e-01,4.615000000000000213e-01,1.181628966846385964e+00,7.988898032453615183e-01,1.697363342504642159e+00
4.620000000000000218e-01,-1.220486064586348007e+00,-4.224330902977034841e-01,4.620000000000000773e-01,1.180919154884051192e+00,7.980529742886445232e-01,1.702557401315614838e+00
4.625000000000000222e-01,-1.219964066401148406e+00,-4.227458659786522133e-01,4.625000000000000777e-01,1.180209932379800764e+00,7.972182004224961371e-01,1.707757675130140207e+00
4.630000000000000226e-01,-1.219443393548812704e+00,-4.230579067686803807e-01,4.629999999999999671e-01,1.179501300317493895e+00,7.963854867801323234e-01,1.712964055705025412e+00
4.635000000000000231e-01,-1.218924049089134876e+00,-4.233692105936166516e-01,4.635000000000000231e-01,1.178793259682751282e+00,7.955548384955182240e-01,1.718176433547125459e+00
4.640000000000000235e-01,-1.218406036083095945e+00,-4.236797753798656196e-01,4.640000000000000790e-01,1.178085811462961541e+00,7.947262607032303805e-01,1.723394697909540474e+00
4.645000000000000240e-01,-1.217889357592794930e+00,-4.239895990544819138e-01,4.644999999999999685e-01,1.177378956647276542e+00,7.938997585383129607e-01,1.728618736787965515e+00
4.650000000000000244e-01,-1.217374016681375348e+00,-4.242986795452415305e-01,4.649999999999999689e-01,1.176672696226617632e+00,7.930753371361338733e-01,1.733848436917125646e+00
4.655000000000000249e-01,-1.216860016412958156e+00,-4.246070147807165518e-01,4.655000000000001359e-01,1.175967031193674517e+00,7.922530016322415491e-01,1.739083683767319366e+00
4.660000000000000253e-01,-1.216347359852560484e+00,-4.249146026903483087e-01,4.660000000000000808e-01,1.175261962542908822e+00,7.914327571622121749e-01,1.744324361541115920e+00
4.665000000000000258e-01,-1.215836050066031682e+00,-4.252214412045225433e-01,4.664999999999998592e-01,1.174557491270553866e+00,7.906146088615091383e-01,1.749570353170110115e+00
4.670000000000000262e-01,-1.215326090119975166e+00,-4.255275282546446824e-01,4.670000000000000817e-01,1.173853618374619767e+00,7.897985618653304840e-01,1.754821540311818140e+00
4.675000000000000266e-01,-1.214817483081672700e+00,-4.258328617732156651e-01,4.675000000000000266e-01,1.173150344854888338e+00,7.889846213084570348e-01,1.760077803346729919e+00
4.680000000000000271e-01,-1.214310232019013114e+00,-4.261374396939086040e-01,4.680000000000000826e-01,1.172447671712921746e+00,7.881727923251045098e-01,1.765339021375412987e+00
4.685000000000000275e-01,-1.213804340000413928e+00,-4.264412599516454461e-01,4.685000000000000830e-01,1.171745599952059402e+00,7.873630800487685377e-01,1.770605072215794440e+00
4.690000000000000280e-01,-1.213299810094746078e+00,-4.267443204826760761e-01,4.689999999999998614e-01,1.171044130577422404e+00,7.865554896120700024e-01,1.775875832400555021e+00
4.695000000000000284e-01,-1.212796645371256865e+00,-4.270466192246549775e-01,4.695000000000001394e-01,1.170343264595911537e+00,7.857500261466019431e-01,1.781151177174638223e+00
4.700000000000000289e-01,-1.212294848899492017e+00,-4.273481541167222231e-01,4.700000000000000844e-01,1.169643003016214156e+00,7.849466947827697938e-01,1.786430980492909937e+00
4.705000000000000293e-01,-1.211794423749216865e+00,-4.276489230995817459e-01,4.705000000000000848e-01,1.168943346848799303e+00,7.841455006496351743e-01,1.791715115017940896e+00
4.710000000000000298e-01,-1.211295372990340180e+00,-4.279489241155815527e-01,4.709999999999999742e-01,1.168244297105921703e+00,7.833464488747585719e-01,1.797003452117905908e+00
4.715000000000000302e-01,-1.210797699692831131e+00,-4.282481551087954919e-01,4.715000000000000302e-01,1.167545854801626426e+00,7.825495445840355835e-01,1.802295861864662729e+00
4.720000000000000306e-01,-1.210301406926642009e+00,-4.285466140251054656e-01,4.720000000000000862e-01,1.166848020951746667e+00,7.817547929015364883e-01,1.807592213031938178e+00
4.725000000000000311e-01,-1.209806497761625632e+00,-4.288442988122804223e-01,4.724999999999999756e-01,1.166150796573905746e+00,7.809621989493451544e-01,1.812892373093650367e+00
4.730000000000000315e-01,-1.209312975267453627e+00,-4.291412074200632309e-01,4.730000000000000870e-01,1.165454182687516660e+00,7.801717678473903961e-01,1.818196208222411903e+00
4.735000000000000320e-01,-1.208820842513538496e+00,-4.294373378002513952e-01,4.734999999999999210e-01,1.164758180313790303e+00,7.793835047132871008e-01,1.823503583288120566e+00
4.740000000000000324e-01,-1.208330102568945463e+00,-4.297326879067815408e-01,4.740000000000000879e-01,1.164062790475726805e+00,7.785974146621639225e-01,1.828814361856770709e+00
4.745000000000000329e-01,-1.207840758502310985e+00,-4.300272556958144032e-01,4.745000000000000884e-01,1.163368014198124634e+00,7.778135028064965262e-01,1.834128406189351690e+00
4.750000000000000333e-01,-1.207352813381760592e+00,-4.303210391258203704e-01,4.750000000000000888e-01,1.162673852507581040e+00,7.770317742559402774e-01,1.839445577240932161e+00
4.755000000000000338e-01,-1.206866270274823627e+00,-4.306140361576651920e-01,4.755000000000000338e-01,1.161980306432488952e+00,7.762522341171584905e-01,1.844765734659886913e+00
4.760000000000000342e-01,-1.206381132248345978e+00,-4.309062447546955221e-01,4.760000000000000897e-01,1.161287377003041410e+00,7.754748874936504555e-01,1.850088736787289800e+00
4.765000000000000346e-01,-1.205897402368407256e+00,-4.311976628828264602e-01,4.764999999999999791e-01,1.160595065251233127e+00,7.746997394855807961e-01,1.855414440656447672e+00
4.770000000000000351e-01,-1.205415083700231538e+00,-4.314882885106309796e-01,4.770000000000000906e-01,1.159903372210862704e+00,7.739267951896005027e-01,1.860742701992634363e+00
4.775000000000000355e-01,-1.204934179308102760e+00,-4.317781196094253038e-01,4.775000000000000355e-01,1.159212298917527528e+00,7.731560596986775113e-01,1.866073375212930152e+00
4.780000000000000360e-01,-1.204454692255273685e+00,-4.320671541533597226e-01,4.780000000000000915e-01,1.158521846408633316e+00,7.723875381019139619e-01,1.871406313426288825e+00
4.785000000000000364e-01,-1.203976625603883965e+00,-4.323553901195085203e-01,4.785000000000000919e-01,1.157832015723391894e+00,7.716212354843754451e-01,1.876741368433715751e+00
4.790000000000000369e-01,-1.203499982414861558e+00,-4.326428254879581825e-01,4.789999999999998703e-01,1.157142807902819648e+00,7.708571569269033752e-01,1.882078390728670447e+00
4.795000000000000373e-01,-1.203024765747844338e+00,-4.329294582418997117e-01,4.795000000000000373e-01,1.156454223989743735e+00,7.700953075059446817e-01,1.887417229497577731e+00
4.799999999999999822e-01,-1.202550978661078185e+00,-4.332152863677197208e-01,4.799999999999999822e-01,1.155766265028798090e+00,7.693356922933585196e-01,1.892757732620608424e+00
4.804999999999999827e-01,-1.202078624211336821e+00,-4.335003078550916378e-01,4.805000000000000382e-01,1.155078932066428088e+00,7.685783163562451836e-01,1.898099746672505583e+00
4.809999999999999831e-01,-1.201607705453823005e+00,-4.337845206970692424e-01,4.810000000000000386e-01,1.154392226150892320e+00,7.678231847567538182e-01,1.903443116923722256e+00
4.814999999999999836e-01,-1.201138225442079488e+00,-4.340679228901791475e-01,4.814999999999999281e-01,1.153706148332258818e+00,7.670703025519003404e-01,1.908787687341648942e+00
4.819999999999999840e-01,-1.200670187227897978e+00,-4.343505124345147239e-01,4.819999999999999840e-01,1.153020699662413051e+00,7.663196747933832542e-01,1.914133300592057774e+00
4.824999999999999845e-01,-1.200203593861220330e+00,-4.346322873338302473e-01,4.825000000000000400e-01,1.152335881195050593e+00,7.655713065273901385e-01,1.919479798040742757e+00
4.829999999999999849e-01,-1.199738448390051504e+00,-4.349132455956359888e-01,4.829999999999999294e-01,1.151651693985687563e+00,7.648252027944155707e-01,1.924827019755314339e+00
4.834999999999999853e-01,-1.199274753860358977e+00,-4.351933852312934170e-01,4.835000000000000409e-01,1.150968139091652631e+00,7.640813686290655049e-01,1.930174804507226227e+00
4.839999999999999858e-01,-1.198812513315983708e+00,-4.354727042561123418e-01,4.839999999999998748e-01,1.150285217572095231e+00,7.633398090598713104e-01,1.935522989773940994e+00
4.844999999999999862e-01,-1.198351729798537768e+00,-4.357512006894461720e-01,4.845000000000000417e-01,1.149602930487984009e+00,7.626005291090915961e-01,1.940871411741351471e+00
4.849999999999999867e-01,-1.197892406347313088e+00,-4.360288725547890598e-01,4.850000000000000422e-01,1.148921278902102383e+00,7.618635337925240281e-01,1.946219905306332487e+00
4.854999999999999871e-01,-1.197434545999184419e+00,-4.363057178798754321e-01,4.854999999999999316e-01,1.148240263879059864e+00,7.611288281193089311e-01,1.951568304079541516e+00
4.859999999999999876e-01,-1.196978151788507860e+00,-4.365817346967766355e-01,4.859999999999999876e-01,1.147559886485284730e+00,7.603964170917312249e-01,1.956916440388395406e+00
4.864999999999999880e-01,-1.196523226747027602e+00,-4.368569210420014115e-01,4.865000000000000435e-01,1.146880147789029358e+00,7.596663057050261347e-01,1.962264145280254057e+00
4.869999999999999885e-01,-1.196069773903772893e+00,-4.371312749565923195e-01,4.869999999999999329e-01,1.146201048860365335e+00,7.589384989471805731e-01,1.967611248525797052e+00
4.874999999999999889e-01,-1.195617796284962786e+00,-4.374047944862303194e-01,4.874999999999999334e-01,1.145522590771193228e+00,7.582130017987325221e-01,1.972957578622629438e+00
4.879999999999999893e-01,-1.195167296913903998e+00,-4.376774776813324164e-01,4.879999999999999893e-01,1.144844774595236592e+00,7.574898192325716373e-01,1.978302962799080689e+00
4.884999999999999898e-01,-1.194718278810891654e+00,-4.379493225971526904e-01,4.885000000000000453e-01,1.144167601408043966e+00,7.567689562137389636e-01,1.983647227018183745e+00
4.889999999999999902e-01,-1.194270744993105371e+00,-4.382203272938856586e-01,4.889999999999998237e-01,1.143491072286991317e+00,7.560504176992197678e-01,1.988990195981947595e+00
4.894999999999999907e-01,-1.193824698474513779e+00,-4.384904898367668613e-01,4.895000000000000462e-01,1.142815188311280483e+00,7.553342086377469178e-01,1.994331693135733552e+00
4.899999999999999911e-01,-1.193380142265766608e+00,-4.387598082961776114e-01,4.899999999999999911e-01,1.142139950561944506e+00,7.546203339695889412e-01,1.999671540672946390e+00
4.904999999999999916e-01,-1.192937079374094544e+00,-4.390282807477460247e-01,4.905000000000000471e-01,1.141465360121840744e+00,7.539087986263485197e-01,2.005009559539875585e+00
4.909999999999999920e-01,-1.192495512803205759e+00,-4.392959052724529911e-01,4.909999999999999365e-01,1.140791418075659092e+00,7.531996075307527683e-01,2.010345569440790126e+00
4.914999999999999925e-01,-1.192055445553183990e+00,-4.395626799567353693e-01,4.915000000000000480e-01,1.140118125509918645e+00,7.524927655964486206e-01,2.015679388843227837e+00
4.919999999999999929e-01,-1.191616880620379071e+00,-4.398286028925916802e-01,4.919999999999999929e-01,1.139445483512971036e+00,7.517882777277873352e-01,2.021010834983555160e+00
4.924999999999999933e-01,-1.191179820997309236e+00,-4.400936721776856908e-01,4.925000000000000488e-01,1.138773493174994433e+00,7.510861488196235447e-01,2.026339723872656595e+00
4.929999999999999938e-01,-1.190744269672547873e+00,-4.403578859154557157e-01,4.930000000000000493e-01,1.138102155588003317e+00,7.503863837570921014e-01,2.031665870301987198e+00
4.934999999999999942e-01,-1.190310229630626271e+00,-4.406212422152179231e-01,4.935000000000000497e-01,1.137431471845844477e+00,7.496889874154083477e-01,2.036989087849702340e+00
4.939999999999999947e-01,-1.189877703851920376e+00,-4.408837391922746374e-01,4.939999999999999947e-01,1.136761443044194797e+00,7.489939646596457390e-01,2.042309188887128535e+00
4.944999999999999951e-01,-1.189446695312545765e+00,-4.411453749680225300e-01,4.944999999999998286e-01,1.136092070280567912e+00,7.483013203445232353e-01,2.047625984585432324e+00
4.949999999999999956e-01,-1.189017206984251285e+00,-4.414061476700590347e-01,4.949999999999999400e-01,1.135423354654310435e+00,7.476110593141922500e-01,2.052939284922485896e+00
4.954999999999999960e-01,-1.188589241834310917e+00,-4.416660554322924259e-01,4.954999999999999405e-01,1.134755297266603513e+00,7.469231864020184908e-01,2.058248898690010709e+00
4.959999999999999964e-01,-1.188162802825413866e+00,-4.419250963950490108e-01,4.959999999999998854e-01,1.134087899220463269e+00,7.462377064303649110e-01,2.063554633500935154e+00
4.964999999999999969e-01,-1.187737892915557314e+00,-4.421832687051841515e-01,4.965000000000000524e-01,1.133421161620741469e+00,7.455546242103732180e-01,2.068856295796993372e+00
4.969999999999999973e-01,-1.187314515057935838e+00,-4.424405705161912339e-01,4.970000000000001639e-01,1.132755085574126852e+00,7.448739445417446037e-01,2.074153690856564314e+00
4.974999999999999978e-01,-1.186892672200830834e+00,-4.426969999883124118e-01,4.975000000000000533e-01,1.132089672189142693e+00,7.441956722125184776e-01,2.079446622802743949e+00
4.979999999999999982e-01,-1.186472367287501273e+00,-4.429525552886494633e-01,4.979999999999999982e-01,1.131424922576150793e+00,7.435198119988517540e-01,2.084734894611670164e+00
4.984999999999999987e-01,-1.186053603256074451e+00,-4.432072345912744238e-01,4.985000000000000542e-01,1.130760837847349043e+00,7.428463686648000275e-01,2.090018308121045720e+00
4.989999999999999991e-01,-1.185636383039429864e+00,-4.434610360773420523e-01,4.989999999999999436e-01,1.130097419116771640e+00,7.421753469620877564e-01,2.095296664038987622e+00
4.994999999999999996e-01,-1.185220709565090846e+00,-4.437139579352024077e-01,4.994999999999999440e-01,1.129434667500293754e+00,7.415067516298884387e-01,2.100569761953050563e+00
5.000000000000000000e-01,-1.184806585755113550e+00,-4.439659983605119264e-01,5.000000000000000000e-01,1.128772584115625088e+00,7.408405873946015685e-01,2.105837400339488852e+00
5.005000000000000560e-01,-1.184394014525967709e+00,-4.442171555563475538e-01,5.004999999999999449e-01,1.128111170082315651e+00,7.401768589696201550e-01,2.111099376572853181e+00
5.010000000000000009e-01,-1.183982998788431384e+00,-4.444674277333200973e-01,5.010000000000001119e-01,1.127450426521751092e+00,7.395155710551113426e-01,2.116355486935710406e+00
5.015000000000000568e-01,-1.183573541447472177e+00,-4.447168131096885246e-01,5.015000000000000568e-01,1.126790354557160478e+00,7.388567283377835970e-01,2.121605526628727922e+00
5.020000000000000018e-01,-1.183165645402134869e+00,-4.449653099114720955e-01,5.020000000000000018e-01,1.126130955313606963e+00,7.382003354906627735e-01,2.126849289780912589e+00
5.025000000000000577e-01,-1.182759313545425961e+00,-4.452129163725694339e-01,5.025000000000001688e-01,1.125472229917994671e+00,7.375463971728565271e-01,2.132086569460184933e+00
5.030000000000000027e-01,-1.182354548764200874e+00,-4.454596307348671624e-01,5.030000000000001137e-01,1.124814179499067590e+00,7.368949180293337120e-01,2.137317157684110569e+00
5.035000000000000586e-01,-1.181951353939043603e+00,-4.457054512483628606e-01,5.035000000000001696e-01,1.124156805187405794e+00,7.362459026906806869e-01,2.142540845431014418e+00
5.040000000000000036e-01,-1.181549731944158577e+00,-4.459503761712737546e-01,5.040000000000000036e-01,1.123500108115431884e+00,7.355993557728848220e-01,2.147757422651170867e+00
5.045000000000000595e-01,-1.181149685647246983e+00,-4.461944037701583987e-01,5.045000000000001705e-01,1.122844089417405211e+00,7.349552818770885843e-01,2.152966678278425583e+00
5.050000000000000044e-01,-1.180751217909395967e+00,-4.464375323200296397e-01,5.050000000000001155e-01,1.122188750229425658e+00,7.343136855893663828e-01,2.158168400241943008e+00
5.055000000000000604e-01,-1.180354331584957173e+00,-4.466797601044746879e-01,5.055000000000000604e-01,1.121534091689431412e+00,7.336745714804824292e-01,2.163362375478298905e+00
5.060000000000000053e-01,-1.179959029521431724e+00,-4.469210854157689705e-01,5.060000000000001164e-01,1.120880114937200300e+00,7.330379441056626977e-01,2.168548389943750987e+00
5.065000000000000613e-01,-1.179565314559352984e+00,-4.471615065549962020e-01,5.065000000000001723e-01,1.120226821114349791e+00,7.324038080043567822e-01,2.173726228626807533e+00
5.070000000000000062e-01,-1.179173189532167765e+00,-4.474010218321658461e-01,5.069999999999998952e-01,1.119574211364333216e+00,7.317721677000019742e-01,2.178895675561061562e+00
5.075000000000000622e-01,-1.178782657266115752e+00,-4.476396295663306879e-01,5.075000000000000622e-01,1.118922286832446655e+00,7.311430276997850086e-01,2.184056513838266156e+00
5.080000000000000071e-01,-1.178393720580116710e+00,-4.478773280857066830e-01,5.080000000000000071e-01,1.118271048665822498e+00,7.305163924944100273e-01,2.189208525621632706e+00
5.085000000000000631e-01,-1.178006382285643028e+00,-4.481141157277899190e-01,5.084999999999999520e-01,1.117620498013432773e+00,7.298922665578531088e-01,2.194351492159471562e+00
5.090000000000000080e-01,-1.177620645186608250e+00,-4.483499908394772970e-01,5.090000000000001190e-01,1.116970636026085595e+00,7.292706543471310088e-01,2.199485193798988991e+00
5.095000000000000639e-01,-1.177236512079242292e+00,-4.485849517771863804e-01,5.095000000000000639e-01,1.116321463856428498e+00,7.286515603020559118e-01,2.204609410000433201e+00
5.100000000000000089e-01,-1.176853985751973752e+00,-4.488189969069731888e-01,5.099999999999998979e-01,1.115672982658947099e+00,7.280349888450006191e-01,2.209723919351415766e+00
5.105000000000000648e-01,-1.176473068985308679e+00,-4.490521246046546566e-01,5.105000000000001759e-01,1.115025193589963326e+00,7.274209443806540776e-01,2.214828499581567023e+00
5.110000000000000098e-01,-1.176093764551709553e+00,-4.492843332559265379e-01,5.109999999999998987e-01,1.114378097807636081e+00,7.268094312957830150e-01,2.219922927577396621e+00
5.115000000000000657e-01,-1.175716075215474943e+00,-4.495156212564865306e-01,5.114999999999998437e-01,1.113731696471962129e+00,7.262004539589883567e-01,2.225006979397428974e+00
5.120000000000000107e-01,-1.175340003732619820e+00,-4.497459870121526260e-01,5.120000000000000107e-01,1.113085990744771880e+00,7.255940167204671942e-01,2.230080430287585624e+00
5.124999999999999556e-01,-1.174965552850749440e+00,-4.499754289389850115e-01,5.125000000000000666e-01,1.112440981789734495e+00,7.249901239117644280e-01,2.235143054696850928e+00
5.130000000000000115e-01,-1.174592725308944541e+00,-4.502039454634075288e-01,5.129999999999999005e-01,1.111796670772352336e+00,7.243887798455370675e-01,2.240194626293158020e+00
5.134999999999999565e-01,-1.174221523837633452e+00,-4.504315350223300762e-01,5.134999999999998455e-01,1.111153058859963627e+00,7.237899888153034311e-01,2.245234917979567424e+00
5.140000000000000124e-01,-1.173851951158471518e+00,-4.506581960632682349e-01,5.140000000000000124e-01,1.110510147221740018e+00,7.231937550952032279e-01,2.250263701910683700e+00
5.144999999999999574e-01,-1.173484009984221199e+00,-4.508839270444660041e-01,5.144999999999998463e-01,1.109867937028687246e+00,7.226000829397551950e-01,2.255280749509292804e+00
5.150000000000000133e-01,-1.173117703018625280e+00,-4.511087264350181480e-01,5.150000000000001243e-01,1.109226429453643359e+00,7.220089765836070761e-01,2.260285831483341390e+00
5.154999999999999583e-01,-1.172753032956289410e+00,-4.513325927149928751e-01,5.154999999999998472e-01,1.108585625671281605e+00,7.214204402412964789e-01,2.265278717843063561e+00
5.160000000000000142e-01,-1.172390002482551985e+00,-4.515555243755521864e-01,5.160000000000000142e-01,1.107945526858103769e+00,7.208344781069997431e-01,2.270259177918465099e+00
5.164999999999999591e-01,-1.172028614273368241e+00,-4.517775199190764424e-01,5.164999999999999591e-01,1.107306134192444169e+00,7.202510943542917987e-01,2.275226980376960029e+00
5.170000000000000151e-01,-1.171668870995182132e+00,-4.519985778592865433e-01,5.170000000000001261e-01,1.106667448854468550e+00,7.196702931358955890e-01,2.280181893241345570e+00
5.174999999999999600e-01,-1.171310775304804430e+00,-4.522186967213653874e-01,5.174999999999998490e-01,1.106029472026169636e+00,7.190920785834390427e-01,2.285123683907952952e+00
5.180000000000000160e-01,-1.170954329849288156e+00,-4.524378750420832707e-01,5.180000000000000160e-01,1.105392204891371577e+00,7.185164548072049406e-01,2.290052119165130406e+00
5.184999999999999609e-01,-1.170599537265807344e+00,-4.526561113699177352e-01,5.184999999999999609e-01,1.104755648635725063e+00,7.179434258958896642e-01,2.294966965211863830e+00
5.190000000000000169e-01,-1.170246400181528923e+00,-4.528734042651803571e-01,5.190000000000001279e-01,1.104119804446709541e+00,7.173729959163486214e-01,2.299867987676774472e+00
5.194999999999999618e-01,-1.169894921213492589e+00,-4.530897523001359284e-01,5.194999999999998508e-01,1.103484673513628778e+00,7.168051689133566606e-01,2.304754951637238314e+00
5.200000000000000178e-01,-1.169545102968482908e+00,-4.533051540591291340e-01,5.200000000000000178e-01,1.102850257027612191e+00,7.162399489093538296e-01,2.309627621638846051e+00
5.204999999999999627e-01,-1.169196948042910078e+00,-4.535196081387060651e-01,5.204999999999999627e-01,1.102216556181615958e+00,7.156773399042040129e-01,2.314485761715039391e+00
5.210000000000000187e-01,-1.168850459022679367e+00,-4.537331131477375656e-01,5.209999999999999076e-01,1.101583572170416581e+00,7.151173458749418010e-01,2.319329135407030673e+00
5.214999999999999636e-01,-1.168505638483071429e+00,-4.539456677075440205e-01,5.214999999999998526e-01,1.100951306190615320e+00,7.145599707755274643e-01,2.324157505783940980e+00
5.220000000000000195e-01,-1.168162488988616410e+00,-4.541572704520173698e-01,5.220000000000000195e-01,1.100319759440633538e+00,7.140052185365990400e-01,2.328970635463179395e+00
5.224999999999999645e-01,-1.167821013092968485e+00,-4.543679200277449537e-01,5.224999999999999645e-01,1.099688933120713363e+00,7.134530930652235314e-01,2.333768286631061173e+00
5.230000000000000204e-01,-1.167481213338783075e+00,-4.545776150941331917e-01,5.229999999999999094e-01,1.099058828432916135e+00,7.129035982446498831e-01,2.338550221063656842e+00
5.234999999999999654e-01,-1.167143092257589165e+00,-4.547863543235306505e-01,5.234999999999998543e-01,1.098429446581119961e+00,7.123567379340585148e-01,2.343316200147885997e+00
5.240000000000000213e-01,-1.166806652369668296e+00,-4.549941364013527778e-01,5.240000000000000213e-01,1.097800788771020608e+00,7.118125159683155179e-01,2.348065984902822034e+00
5.244999999999999662e-01,-1.166471896183927104e+00,-4.552009600262031386e-01,5.244999999999999662e-01,1.097172856210130387e+00,7.112709361577239653e-01,2.352799336001236696e+00
5.250000000000000222e-01,-1.166138826197775868e+00,-4.554068239099981485e-01,5.249999999999999112e-01,1.096545650107774605e+00,7.107320022877776644e-01,2.357516013791351561e+00
5.254999999999999671e-01,-1.165807444896999723e+00,-4.556117267780905866e-01,5.254999999999998561e-01,1.095919171675090231e+00,7.101957181189091362e-01,2.362215778318864423e+00
5.260000000000000231e-01,-1.165477754755636974e+00,-4.558156673693914973e-01,5.259999999999998010e-01,1.095293422125028782e+00,7.096620873862454770e-01,2.366898389349127552e+00
5.264999999999999680e-01,-1.165149758235853428e+00,-4.560186444364960345e-01,5.264999999999999680e-01,1.094668402672349217e+00,7.091311137993574487e-01,2.371563606389618606e+00
5.270000000000000240e-01,-1.164823457787819594e+00,-4.562206567458015893e-01,5.269999999999999130e-01,1.094044114533621270e+00,7.086028010420180046e-01,2.376211188712524347e+00
5.274999999999999689e-01,-1.164498855849584791e+00,-4.564217030776370199e-01,5.275000000000000799e-01,1.093420558927221897e+00,7.080771527719478264e-01,2.380840895377667632e+00
5.280000000000000249e-01,-1.164175954846951466e+00,-4.566217822263795578e-01,5.280000000000000249e-01,1.092797737073330833e+00,7.075541726205718529e-01,2.385452485255548094e+00
5.284999999999999698e-01,-1.163854757193354628e+00,-4.568208930005818180e-01,5.284999999999997478e-01,1.092175650193936809e+00,7.070338641927728096e-01,2.390045717050622187e+00
5.290000000000000258e-01,-1.163535265289735054e+00,-4.570190342230920355e-01,5.289999999999999147e-01,1.091554299512826898e+00,7.065162310666430745e-01,2.394620349324799502e+00
5.294999999999999707e-01,-1.163217481524415176e+00,-4.572162047311768007e-01,5.294999999999998597e-01,1.090933686255592061e+00,7.060012767932384303e-01,2.399176140521126488e+00
5.300000000000000266e-01,-1.162901408272977832e+00,-4.574124033766441277e-01,5.300000000000000266e-01,1.090313811649621600e+00,7.054890048963337046e-01,2.403712848987670014e+00
5.304999999999999716e-01,-1.162587047898139048e+00,-4.576076290259637469e-01,5.305000000000001936e-01,1.089694676924102712e+00,7.049794188721753008e-01,2.408230233001609211e+00
5.310000000000000275e-01,-1.162274402749627900e+00,-4.578018805603913943e-01,5.309999999999999165e-01,1.089076283310019599e+00,7.044725221892365052e-01,2.412728050793510270e+00
5.314999999999999725e-01,-1.161963475164060400e+00,-4.579951568760872171e-01,5.314999999999998614e-01,1.088458632040147034e+00,7.039683182879732382e-01,2.417206060571782889e+00
5.320000000000000284e-01,-1.161654267464817369e+00,-4.581874568842403406e-01,5.319999999999999174e-01,1.087841724349057460e+00,7.034668105805770288e-01,2.421664020547366292e+00
5.324999999999999734e-01,-1.161346781961923202e+00,-4.583787795111875507e-01,5.324999999999999734e-01,1.087225561473110558e+00,7.029680024507356517e-01,2.426101688958509417e+00
5.330000000000000293e-01,-1.161041020951919300e+00,-4.585691236985353081e-01,5.330000000000001403e-01,1.086610144650454801e+00,7.024718972533839922e-01,2.430518824095857511e+00
5.334999999999999742e-01,-1.160736986717746166e+00,-4.587584884032802068e-01,5.334999999999998632e-01,1.085995475121026121e+00,7.019784983144659041e-01,2.434915184327577808e+00
5.340000000000000302e-01,-1.160434681528617284e+00,-4.589468725979287123e-01,5.340000000000000302e-01,1.085381554126546133e+00,7.014878089306886277e-01,2.439290528124764101e+00
5.344999999999999751e-01,-1.160134107639899215e+00,-4.591342752706182861e-01,5.344999999999999751e-01,1.084768382910517470e+00,7.009998323692809841e-01,2.443644614086964761e+00
5.350000000000000311e-01,-1.159835267292988803e+00,-4.593206954252354590e-01,5.350000000000001421e-01,1.084155962718224231e+00,7.005145718677533440e-01,2.447977200967868860e+00
5.354999999999999760e-01,-1.159538162715191945e+00,-4.595061320815369554e-01,5.355000000000000870e-01,1.083544294796728646e+00,7.000320306336549336e-01,2.452288047701176144e+00
5.360000000000000320e-01,-1.159242796119605012e+00,-4.596905842752671001e-01,5.360000000000001430e-01,1.082933380394871303e+00,6.995522118443379123e-01,2.456576913426588682e+00
5.364999999999999769e-01,-1.158949169704988069e+00,-4.598740510582774998e-01,5.364999999999999769e-01,1.082323220763265148e+00,6.990751186467105693e-01,2.460843557516017910e+00
5.370000000000000329e-01,-1.158657285655650515e+00,-4.600565314986450050e-01,5.370000000000001439e-01,1.081713817154295265e+00,6.986007541570055102e-01,2.465087739599866712e+00
5.374999999999999778e-01,-1.158367146141328075e+00,-4.602380246807895592e-01,5.374999999999998668e-01,1.081105170822117545e+00,6.981291214605385154e-01,2.469309219593498472e+00
5.380000000000000338e-01,-1.158078753317062670e+00,-4.604185297055917170e-01,5.379999999999999227e-01,1.080497283022654464e+00,6.976602236114709532e-01,2.473507757723849121e+00
5.384999999999999787e-01,-1.157792109323084961e+00,-4.605980456905103826e-01,5.384999999999999787e-01,1.079890155013595088e+00,6.971940636325746343e-01,2.477683114556139099e+00
5.390000000000000346e-01,-1.157507216284690887e+00,-4.607765717696973851e-01,5.389999999999999236e-01,1.079283788054388626e+00,6.967306445149934468e-01,2.481835051020772731e+00
5.394999999999999796e-01,-1.157224076312130645e+00,-4.609541070941167717e-01,5.395000000000000906e-01,1.078678183406247548e+00,6.962699692180138733e-01,2.485963328440283338e+00
5.400000000000000355e-01,-1.156942691500481901e+00,-4.611306508316584396e-01,5.399999999999999245e-01,1.078073342332140694e+00,6.958120406688235171e-01,2.490067708556517267e+00
5.404999999999999805e-01,-1.156663063929537882e+00,-4.613062021672533763e-01,5.405000000000000915e-01,1.077469266096791500e+00,6.953568617622845061e-01,2.494147953557786401e+00
5.410000000000000364e-01,-1.156385195663687915e+00,-4.614807603029901784e-01,5.410000000000001474e-01,1.076865955966678223e+00,6.949044353606976809e-01,2.498203826106279113e+00
5.414999999999999813e-01,-1.156109088751800851e+00,-4.616543244582267946e-01,5.414999999999998703e-01,1.076263413210027498e+00,6.944547642935741116e-01,2.502235089365461462e+00
5.420000000000000373e-01,-1.155834745227106941e+00,-4.618268938697081549e-01,5.420000000000001483e-01,1.075661639096814781e+00,6.940078513573988417e-01,2.506241507027686222e+00
5.424999999999999822e-01,-1.155562167107084814e+00,-4.619984677916741389e-01,5.424999999999999822e-01,1.075060634898759027e+00,6.935636993154106200e-01,2.510222843341785470e+00
5.430000000000000382e-01,-1.155291356393344682e+00,-4.621690454959770378e-01,5.429999999999999272e-01,1.074460401889321570e+00,6.931223108973676439e-01,2.514178863140848819e+00
5.434999999999999831e-01,-1.155022315071513095e+00,-4.623386262721911333e-01,5.435000000000000941e-01,1.073860941343704356e+00,6.926836887993219616e-01,2.518109331870050482e+00
5.440000000000000391e-01,-1.154755045111117262e+00,-4.625072094277258850e-01,5.440000000000000391e-01,1.073262254538842608e+00,6.922478356833914326e-01,2.522014015614578053e+00
5.444999999999999840e-01,-1.154489548465473803e+00,-4.626747942879351760e-01,5.444999999999997620e-01,1.072664342753408828e+00,6.918147541775385712e-01,2.525892681127598127e+00
5.450000000000000400e-01,-1.154225827071574839e+00,-4.628413801962294460e-01,5.450000000000001510e-01,1.072067207267803468e+00,6.913844468753453931e-01,2.529745095858323189e+00
5.454999999999999849e-01,-1.153963882849973421e+00,-4.630069665141836599e-01,5.455000000000000959e-01,1.071470849364156486e+00,6.909569163357898169e-01,2.533571027980155321e+00
5.460000000000000409e-01,-1.153703717704671838e+00,-4.631715526216488299e-01,5.460000000000001519e-01,1.070875270326320683e+00,6.905321650830229530e-01,2.537370246418887643e+00
5.464999999999999858e-01,-1.153445333523013261e+00,-4.633351379168569317e-01,5.464999999999999858e-01,1.070280471439870817e+00,6.901101956061563847e-01,2.541142520880891098e+00
5.470000000000000417e-01,-1.153188732175566722e+00,-4.634977218165334256e-01,5.469999999999999307e-01,1.069686453992100050e+00,6.896910103590332408e-01,2.544887621881489537e+00
5.474999999999999867e-01,-1.152933915516016983e+00,-4.636593037560005626e-01,5.475000000000000977e-01,1.069093219272017059e+00,6.892746117600163647e-01,2.548605320773251748e+00
5.480000000000000426e-01,-1.152680885381058840e+00,-4.638198831892854646e-01,5.480000000000000426e-01,1.068500768570344261e+00,6.888610021917733750e-01,2.552295389774365653e+00
5.484999999999999876e-01,-1.152429643590283437e+00,-4.639794595892257068e-01,5.484999999999999876e-01,1.067909103179509156e+00,6.884501840010577300e-01,2.555957601997084883e+00
5.490000000000000435e-01,-1.152180191946071908e+00,-4.641380324475747332e-01,5.489999999999999325e-01,1.067318224393646764e+00,6.880421594984971190e-01,2.559591731476145160e+00
5.494999999999999885e-01,-1.151932532233489903e+00,-4.642956012751041639e-01,5.494999999999998774e-01,1.066728133508594301e+00,6.876369309583857392e-01,2.563197553197194001e+00
5.500000000000000444e-01,-1.151686666220175681e+00,-4.644521656017118194e-01,5.500000000000001554e-01,1.066138831821887178e+00,6.872345006184639171e-01,2.566774843125343430e+00
5.504999999999999893e-01,-1.151442595656238188e+00,-4.646077249765180883e-01,5.504999999999999893e-01,1.065550320632756121e+00,6.868348706797200443e-01,2.570323378233570821e+00
5.510000000000000453e-01,-1.151200322274148924e+00,-4.647622789679745625e-01,5.509999999999999343e-01,1.064962601242123164e+00,6.864380433061743059e-01,2.573842936531272052e+00
5.514999999999999902e-01,-1.150959847788639134e+00,-4.649158271639607376e-01,5.514999999999998792e-01,1.064375674952600104e+00,6.860440206246783967e-01,2.577333297092703646e+00
5.520000000000000462e-01,-1.150721173896594340e+00,-4.650683691718863200e-01,5.520000000000000462e-01,1.063789543068480281e+00,6.856528047247080204e-01,2.580794240085483970e+00
5.524999999999999911e-01,-1.150484302276951087e+00,-4.652199046187896481e-01,5.524999999999999911e-01,1.063204206895740578e+00,6.852643976581613838e-01,2.584225546799039375e+00
5.530000000000000471e-01,-1.150249234590595915e+00,-4.653704331514382231e-01,5.529999999999999361e-01,1.062619667742033869e+00,6.848788014391576917e-01,2.587626999673062311e+00
5.534999999999999920e-01,-1.150015972480261439e+00,-4.655199544364249098e-01,5.534999999999998810e-01,1.062035926916687245e+00,6.844960180438365294e-01,2.590998382325920169e+00
5.540000000000000480e-01,-1.149784517570429543e+00,-4.656684681602660247e-01,5.540000000000000480e-01,1.061452985730695353e+00,6.841160494101634626e-01,2.594339479583015251e+00
5.544999999999999929e-01,-1.149554871467224126e+00,-4.658159740294967044e-01,5.544999999999999929e-01,1.060870845496720394e+00,6.837388974377274220e-01,2.597650077505175403e+00
5.550000000000000488e-01,-1.149327035758319182e+00,-4.659624717707667174e-01,5.549999999999999378e-01,1.060289507529086128e+00,6.833645639875525202e-01,2.600929963416904300e+00
5.554999999999999938e-01,-1.149101012012838874e+00,-4.661079611309351112e-01,5.554999999999998828e-01,1.059708973143773880e+00,6.829930508819037627e-01,2.604178925934634403e+00
5.560000000000000497e-01,-1.148876801781256285e+00,-4.662524418771631929e-01,5.560000000000000497e-01,1.059129243658418762e+00,6.826243599040930921e-01,2.607396754994939947e+00
5.564999999999999947e-01,-1.148654406595300381e+00,-4.663959137970062341e-01,5.564999999999999947e-01,1.058550320392306121e+00,6.822584927982942027e-01,2.610583241882626915e+00
5.570000000000000506e-01,-1.148433827967859422e+00,-4.665383766985063407e-01,5.569999999999999396e-01,1.057972204666365545e+00,6.818954512693531367e-01,2.613738179258797700e+00
5.574999999999999956e-01,-1.148215067392887478e+00,-4.666798304102827144e-01,5.574999999999998845e-01,1.057394897803169975e+00,6.815352369826047640e-01,2.616861361188819846e+00
5.580000000000000515e-01,-1.147998126345306957e+00,-4.668202747816208031e-01,5.579999999999999405e-01,1.056818401126927043e+00,6.811778515636861542e-01,2.619952583170221505e+00
5.584999999999999964e-01,-1.147783006280919338e+00,-4.669597096825623406e-01,5.584999999999999964e-01,1.056242715963481960e+00,6.808232965983569418e-01,2.623011642160497203e+00
5.590000000000000524e-01,-1.147569708636312358e+00,-4.670981350039895008e-01,5.589999999999999414e-01,1.055667843640301085e+00,6.804715736323228015e-01,2.626038336604775481e+00
5.594999999999999973e-01,-1.147358234828767420e+00,-4.672355506577159923e-01,5.594999999999998863e-01,1.055093785486483249e+00,6.801226841710514837e-01,2.629032466463452788e+00
5.600000000000000533e-01,-1.147148586256171443e+00,-4.673719565765683814e-01,5.599999999999999423e-01,1.054520542832739993e+00,6.797766296796030616e-01,2.631993833239670177e+00
5.604999999999999982e-01,-1.146940764296928261e+00,-4.675073527144749663e-01,5.604999999999999982e-01,1.053948117011402896e+00,6.794334115824532949e-01,2.634922240006690064e+00
5.610000000000000542e-01,-1.146734770309867368e+00,-4.676417390465450463e-01,5.610000000000001652e-01,1.053376509356412027e+00,6.790930312633223220e-01,2.637817491435137107e+00
5.614999999999999991e-01,-1.146530605634160427e+00,-4.677751155691537988e-01,5.614999999999998881e-01,1.052805721203314171e+00,6.787554900650065726e-01,2.640679393820133836e+00
5.620000000000000551e-01,-1.146328271589234227e+00,-4.679074823000229921e-01,5.620000000000000551e-01,1.052235753889256609e+00,6.784207892892112346e-01,2.643507755108266188e+00
5.625000000000000000e-01,-1.146127769474684976e+00,-4.680388392783008111e-01,5.625000000000000000e-01,1.051666608752985566e+00,6.780889301963841653e-01,2.646302384924449580e+00
5.630000000000000560e-01,-1.145929100570194370e+00,-4.681691865646412931e-01,5.629999999999999449e-01,1.051098287134835996e+00,6.777599140055530214e-01,2.649063094598613777e+00
5.635000000000000009e-01,-1.145732266135450539e+00,-4.682985242412822102e-01,5.635000000000001119e-01,1.050530790376732693e+00,6.774337418941682731e-01,2.651789697192224349e+00
5.640000000000000568e-01,-1.145537267410058124e+00,-4.684268524121223964e-01,5.640000000000000568e-01,1.049964119822181186e+00,6.771104149979356723e-01,2.654482007524715748e+00
5.645000000000000018e-01,-1.145344105613468777e+00,-4.685541712027960770e-01,5.645000000000000018e-01,1.049398276816264186e+00,6.767899344106727000e-01,2.657139842199625512e+00
5.650000000000000577e-01,-1.145152781944889675e+00,-4.686804807607484191e-01,5.650000000000001688e-01,1.048833262705637370e+00,6.764723011841412559e-01,2.659763019630701830e+00
5.655000000000000027e-01,-1.144963297583215578e+00,-4.688057812553089176e-01,5.655000000000001137e-01,1.048269078838524049e+00,6.761575163279066603e-01,2.662351360067713557e+00
5.660000000000000586e-01,-1.144775653686945116e+00,-4.689300728777628380e-01,5.660000000000000586e-01,1.047705726564708062e+00,6.758455808091823336e-01,2.664904685622126124e+00
5.665000000000000036e-01,-1.144589851394107516e+00,-4.690533558414232140e-01,5.665000000000000036e-01,1.047143207235531115e+00,6.755364955526843573e-01,2.667422820292601138e+00
5.670000000000000595e-01,-1.144405891822186216e+00,-4.691756303816991824e-01,5.669999999999999485e-01,1.046581522203885006e+00,6.752302614404870340e-01,2.669905589990230421e+00
5.675000000000000044e-01,-1.144223776068045817e+00,-4.692968967561654270e-01,5.674999999999998934e-01,1.046020672824210740e+00,6.749268793118803345e-01,2.672352822563638597e+00
5.680000000000000604e-01,-1.144043505207859024e+00,-4.694171552446301798e-01,5.680000000000000604e-01,1.045460660452488755e+00,6.746263499632287886e-01,2.674764347823832100e+00
5.685000000000000053e-01,-1.143865080297035597e+00,-4.695364061491990038e-01,5.685000000000000053e-01,1.044901486446234706e+00,6.743286741478365931e-01,2.677139997568811491e+00
5.690000000000000613e-01,-1.143688502370152849e+00,-4.696546497943414611e-01,5.689999999999999503e-01,1.044343152164494137e+00,6.740338525758113875e-01,2.679479605608005244e+00
5.695000000000000062e-01,-1.143513772440883924e+00,-4.697718865269540633e-01,5.694999999999998952e-01,1.043785658967837815e+00,6.737418859139299165e-01,2.681783007786454398e+00
5.700000000000000622e-01,-1.143340891501933410e+00,-4.698881167164230543e-01,5.700000000000000622e-01,1.043229008218357290e+00,6.734527747855103552e-01,2.684050042008742309e+00
5.705000000000000071e-01,-1.143169860524969828e+00,-4.700033407546834185e-01,5.705000000000000071e-01,1.042673201279652906e+00,6.731665197702864090e-01,2.686280548262675261e+00
5.710000000000000631e-01,-1.143000680460555474e+00,-4.701175590562810536e-01,5.710000000000001741e-01,1.042118239516836020e+00,6.728831214042744202e-01,2.688474368642792545e+00
5.715000000000000080e-01,-1.142833352238091571e+00,-4.702307720584296691e-01,5.714999999999998970e-01,1.041564124296521232e+00,6.726025801796619019e-01,2.690631347373484417e+00
5.720000000000000639e-01,-1.142667876765747437e+00,-4.703429802210672972e-01,5.720000000000001750e-01,1.041010856986814392e+00,6.723248965446801950e-01,2.692751330831965273e+00
5.725000000000000089e-01,-1.142504254930402530e+00,-4.704541840269143571e-01,5.725000000000001199e-01,1.040458438957316378e+00,6.720500709034882281e-01,2.694834167570951955e+00
5.730000000000000648e-01,-1.142342487597585166e+00,-4.705643839815241147e-01,5.730000000000001759e-01,1.039906871579109104e+00,6.717781036160610508e-01,2.696879708340996107e+00
5.735000000000000098e-01,-1.142182575611414341e+00,-4.706735806133389155e-01,5.735000000000001208e-01,1.039356156224753081e+00,6.715089949980754813e-01,2.698887806112643339e+00
5.740000000000000657e-01,-1.142024519794541337e+00,-4.707817744737413657e-01,5.740000000000001767e-01,1.038806294268282526e+00,6.712427453207999717e-01,2.700858316098252665e+00
5.745000000000000107e-01,-1.141868320948093762e+00,-4.708889661371022384e-01,5.745000000000000107e-01,1.038257287085195602e+00,6.709793548109914685e-01,2.702791095773498853e+00
5.750000000000000666e-01,-1.141713979851620042e+00,-4.709951562008328763e-01,5.750000000000001776e-01,1.037709136052452852e+00,6.707188236507871659e-01,2.704686004898650520e+00
5.755000000000000115e-01,-1.141561497263035463e+00,-4.711003452854290452e-01,5.755000000000001226e-01,1.037161842548464552e+00,6.704611519776064732e-01,2.706542905539468524e+00
5.760000000000000675e-01,-1.141410873918571767e+00,-4.712045340345200062e-01,5.760000000000000675e-01,1.036615407953091150e+00,6.702063398840517605e-01,2.708361662087855226e+00
5.765000000000000124e-01,-1.141262110532722751e+00,-4.713077231149107593e-01,5.765000000000001235e-01,1.036069833647633276e+00,6.699543874178119918e-01,2.710142141282147588e+00
5.769999999999999574e-01,-1.141115207798197639e+00,-4.714099132166271189e-01,5.769999999999999574e-01,1.035525121014824190e+00,6.697052945815704650e-01,2.711884212227140267e+00
5.775000000000000133e-01,-1.140970166385871343e+00,-4.715111050529575132e-01,5.775000000000001243e-01,1.034981271438829120e+00,6.694590613329138851e-01,2.713587746413733903e+00
5.779999999999999583e-01,-1.140826986944738497e+00,-4.716112993604906767e-01,5.780000000000000693e-01,1.034438286305229049e+00,6.692156875842478758e-01,2.715252617738249441e+00
5.785000000000000142e-01,-1.140685670101865057e+00,-4.717104968991578939e-01,5.785000000000000142e-01,1.033896167001023381e+00,6.689751732027071629e-01,2.716878702521503541e+00
5.789999999999999591e-01,-1.140546216462348550e+00,-4.718086984522690264e-01,5.789999999999999591e-01,1.033354914914617950e+00,6.687375180100795236e-01,2.718465879527406592e+00
5.795000000000000151e-01,-1.140408626609271669e+00,-4.719059048265476508e-01,5.795000000000001261e-01,1.032814531435819250e+00,6.685027217827239632e-01,2.720014029981312476e+00
5.799999999999999600e-01,-1.140272901103661640e+00,-4.720021168521688071e-01,5.799999999999998490e-01,1.032275017955830654e+00,6.682707842514927776e-01,2.721523037588013949e+00
5.805000000000000160e-01,-1.140139040484452027e+00,-4.720973353827874752e-01,5.805000000000000160e-01,1.031736375867238875e+00,6.680417051016644958e-01,2.722992788549302823e+00
5.809999999999999609e-01,-1.140007045268441210e+00,-4.721915612955736030e-01,5.809999999999999609e-01,1.031198606564014852e+00,6.678154839728676073e-01,2.724423171581274783e+00
5.815000000000000169e-01,-1.139876915950259084e+00,-4.722847954912412494e-01,5.814999999999999059e-01,1.030661711441499984e+00,6.675921204590178348e-01,2.725814077931189239e+00
5.819999999999999618e-01,-1.139748653002326861e+00,-4.723770388940770615e-01,5.819999999999998508e-01,1.030125691896404128e+00,6.673716141082497444e-01,2.727165401394041844e+00
5.825000000000000178e-01,-1.139622256874826434e+00,-4.724682924519674754e-01,5.825000000000000178e-01,1.029590549326793836e+00,6.671539644228590138e-01,2.728477038328655624e+00
5.829999999999999627e-01,-1.139497727995665732e+00,-4.725585571364241955e-01,5.829999999999999627e-01,1.029056285132089688e+00,6.669391708592415924e-01,2.729748887673504765e+00
5.835000000000000187e-01,-1.139375066770447864e+00,-4.726478339426089526e-01,5.835000000000001297e-01,1.028522900713056520e+00,6.667272328278388560e-01,2.730980850962076989e+00
5.839999999999999636e-01,-1.139254273582439358e+00,-4.727361238893547091e-01,5.839999999999998526e-01,1.027990397471793882e+00,6.665181496930846494e-01,2.732172832337903312e+00
5.845000000000000195e-01,-1.139135348792546409e+00,-4.728234280191889738e-01,5.844999999999999085e-01,1.027458776811735586e+00,6.663119207733574356e-01,2.733324738569157031e+00
5.849999999999999645e-01,-1.139018292739282456e+00,-4.729097473983503996e-01,5.849999999999999645e-01,1.026928040137632836e+00,6.661085453409321122e-01,2.734436479062865910e+00
5.855000000000000204e-01,-1.138903105738745092e+00,-4.729950831168093783e-01,5.854999999999999094e-01,1.026398188855554450e+00,6.659080226219357135e-01,2.735507965878781533e+00
5.859999999999999654e-01,-1.138789788084593191e+00,-4.730794362882835280e-01,5.860000000000000764e-01,1.025869224372876642e+00,6.657103517963096628e-01,2.736539113742751717e+00
5.865000000000000213e-01,-1.138678340048021154e+00,-4.731628080502521261e-01,5.865000000000000213e-01,1.025341148098273258e+00,6.655155319977690276e-01,2.737529840059775843e+00
5.869999999999999662e-01,-1.138568761877739588e+00,-4.732451995639702647e-01,5.870000000000000773e-01,1.024813961441709775e+00,6.653235623137693233e-01,2.738480064926588575e+00
5.875000000000000222e-01,-1.138461053799956879e+00,-4.733266120144794531e-01,5.875000000000001332e-01,1.024287665814436199e+00,6.651344417854774260e-01,2.739389711143854100e+00
5.879999999999999671e-01,-1.138355216018358540e+00,-4.734070466106200525e-01,5.879999999999998561e-01,1.023762262628978847e+00,6.649481694077384875e-01,2.740258704227978459e+00
5.885000000000000231e-01,-1.138251248714092112e+00,-4.734865045850381038e-01,5.884999999999999121e-01,1.023237753299130581e+00,6.647647441290540637e-01,2.741086972422429824e+00
5.889999999999999680e-01,-1.138149152045751400e+00,-4.735649871941932099e-01,5.889999999999999680e-01,1.022714139239944586e+00,6.645841648515582456e-01,2.741874446708711499e+00
5.895000000000000240e-01,-1.138048926149362261e+00,-4.736424957183634210e-01,5.894999999999999130e-01,1.022191421867725936e+00,6.644064304309988955e-01,2.742621060816850420e+00
5.899999999999999689e-01,-1.137950571138372391e+00,-4.737190314616503417e-01,5.899999999999998579e-01,1.021669602600022708e+00,6.642315396767219937e-01,2.743326751235501071e+00
5.905000000000000249e-01,-1.137854087103638001e+00,-4.737945957519807405e-01,5.905000000000000249e-01,1.021148682855618439e+00,6.640594913516573161e-01,2.743991457221583552e+00
5.909999999999999698e-01,-1.137759474113416047e+00,-4.738691899411076047e-01,5.910000000000000808e-01,1.020628664054523460e+00,6.638902841723084425e-01,2.744615120809527742e+00
5.915000000000000258e-01,-1.137666732213357124e+00,-4.739428154046096964e-01,5.915000000000001368e-01,1.020109547617966905e+00,6.637239168087474273e-01,2.745197686820034289e+00
5.919999999999999707e-01,-1.137575861426498580e+00,-4.740154735418885545e-01,5.919999999999998597e-01,1.019591334968387386e+00,6.635603878846100256e-01,2.745739102868436365e+00
5.925000000000000266e-01,-1.137486861753259193e+00,-4.740871657761662750e-01,5.925000000000001377e-01,1.019074027529425219e+00,6.633996959770929180e-01,2.746239319372614229e+00
5.929999999999999716e-01,-1.137399733171437166e+00,-4.741578935544767393e-01,5.929999999999999716e-01,1.018557626725913323e+00,6.632418396169603714e-01,2.746698289560426609e+00
5.935000000000000275e-01,-1.137314475636207467e+00,-4.742276583476625618e-01,5.935000000000001386e-01,1.018042133983869668e+00,6.630868172885449052e-01,2.747115969476773945e+00
5.939999999999999725e-01,-1.137231089080122937e+00,-4.742964616503633768e-01,5.939999999999998614e-01,1.017527550730486396e+00,6.629346274297596153e-01,2.747492317990134936e+00
5.945000000000000284e-01,-1.137149573413114956e+00,-4.743643049810079559e-01,5.945000000000000284e-01,1.017013878394122939e+00,6.627852684321069443e-01,2.747827296798715846e+00
5.949999999999999734e-01,-1.137069928522496109e+00,-4.744311898817999973e-01,5.949999999999999734e-01,1.016501118404296244e+00,6.626387386406961122e-01,2.748120870436101093e+00
5.955000000000000293e-01,-1.136992154272965516e+00,-4.744971179187063570e-01,5.954999999999999183e-01,1.015989272191671233e+00,6.624950363542592147e-01,2.748373006276481512e+00
5.959999999999999742e-01,-1.136916250506612824e+00,-4.745620906814418949e-01,5.959999999999998632e-01,1.015478341188055023e+00,6.623541598251709850e-01,2.748583674539452737e+00
5.965000000000000302e-01,-1.136842217042929093e+00,-4.746261097834523213e-01,5.964999999999998082e-01,1.014968326826381606e+00,6.622161072594767717e-01,2.748752848294281570e+00
5.969999999999999751e-01,-1.136770053678811676e+00,-4.746891768618968221e-01,5.969999999999999751e-01,1.014459230540708523e+00,6.620808768169148539e-01,2.748880503463807745e+00
5.975000000000000311e-01,-1.136699760188578434e+00,-4.747512935776271314e-01,5.974999999999999201e-01,1.013951053766205535e+00,6.619484666109513027e-01,2.748966618827807462e+00
5.979999999999999760e-01,-1.136631336323976615e+00,-4.748124616151677135e-01,5.979999999999998650e-01,1.013443797939143742e+00,6.618188747088089574e-01,2.749011176025989656e+00
5.985000000000000320e-01,-1.136564781814198621e+00,-4.748726826826908942e-01,5.984999999999999210e-01,1.012937464496889373e+00,6.616920991315077272e-01,2.749014159560433157e+00
5.989999999999999769e-01,-1.136500096365896439e+00,-4.749319585119947673e-01,5.989999999999997549e-01,1.012432054877891341e+00,6.615681378539016722e-01,2.748975556797640607e+00
5.995000000000000329e-01,-1.136437279663197186e+00,-4.749902908584749950e-01,5.995000000000001439e-01,1.011927570521672148e+00,6.614469888047221913e-01,2.748895357970109643e+00
5.999999999999999778e-01,-1.136376331367722425e+00,-4.750476815010979958e-01,5.999999999999998668e-01,1.011424012868820554e+00,6.613286498666244295e-01,2.748773556177437349e+00
6.005000000000000338e-01,-1.136317251118607263e+00,-4.751041322423720237e-01,6.005000000000000338e-01,1.010921383360978920e+00,6.612131188762352396e-01,2.748610147386976177e+00
6.009999999999999787e-01,-1.136260038532520777e+00,-4.751596449083153040e-01,6.009999999999999787e-01,1.010419683440835659e+00,6.611003936242054735e-01,2.748405130434017352e+00
6.015000000000000346e-01,-1.136204693203689331e+00,-4.752142213484250033e-01,6.014999999999999236e-01,1.009918914552114133e+00,6.609904718552643832e-01,2.748158507021527974e+00
6.019999999999999796e-01,-1.136151214703920775e+00,-4.752678634356420351e-01,6.019999999999998685e-01,1.009419078139563108e+00,6.608833512682787958e-01,2.747870281719432928e+00
6.025000000000000355e-01,-1.136099602582629764e+00,-4.753205730663161432e-01,6.025000000000000355e-01,1.008920175648946094e+00,6.607790295163136207e-01,2.747540461963394964e+00
6.029999999999999805e-01,-1.136049856366863953e+00,-4.753723521601686541e-01,6.029999999999999805e-01,1.008422208527032238e+00,6.606775042066952430e-01,2.747169058053215096e+00
6.035000000000000364e-01,-1.136001975561332866e+00,-4.754232026602534522e-01,6.034999999999999254e-01,1.007925178221585893e+00,6.605787729010794695e-01,2.746756083150694749e+00
6.039999999999999813e-01,-1.135955959648439428e+00,-4.754731265329177337e-01,6.040000000000000924e-01,1.007429086181357292e+00,6.604828331155216947e-01,2.746301553277090246e+00
6.045000000000000373e-01,-1.135911808088310160e+00,-4.755221257677589297e-01,6.045000000000000373e-01,1.006933933856068997e+00,6.603896823205512856e-01,2.745805487310081894e+00
6.049999999999999822e-01,-1.135869520318826931e+00,-4.755702023775821297e-01,6.049999999999999822e-01,1.006439722696409023e+00,6.602993179412448566e-01,2.745267906980317640e+00
6.055000000000000382e-01,-1.135829095755663154e+00,-4.756173583983550612e-01,6.054999999999999272e-01,1.005946454154018399e+00,6.602117373573080927e-01,2.744688836867486437e+00
6.059999999999999831e-01,-1.135790533792320200e+00,-4.756635958891625160e-01,6.060000000000000941e-01,1.005454129681482733e+00,6.601269379031576845e-01,2.744068304395920421e+00
6.065000000000000391e-01,-1.135753833800162482e+00,-4.757089169321555011e-01,6.065000000000000391e-01,1.004962750732318000e+00,6.600449168680069256e-01,2.743406339829765450e+00
6.069999999999999840e-01,-1.135718995128458308e+00,-4.757533236325063863e-01,6.070000000000000950e-01,1.004472318760964322e+00,6.599656714959518666e-01,2.742702976267722192e+00
6.075000000000000400e-01,-1.135686017104418299e+00,-4.757968181183531153e-01,6.075000000000001510e-01,1.003982835222771319e+00,6.598891989860651286e-01,2.741958249637292955e+00
6.079999999999999849e-01,-1.135654899033239129e+00,-4.758394025407492456e-01,6.079999999999998739e-01,1.003494301573988334e+00,6.598154964924898280e-01,2.741172198688593298e+00
6.085000000000000409e-01,-1.135625640198145048e+00,-4.758810790736097140e-01,6.085000000000001519e-01,1.003006719271754887e+00,6.597445611245353891e-01,2.740344864987763085e+00
6.089999999999999858e-01,-1.135598239860433623e+00,-4.759218499136558811e-01,6.089999999999999858e-01,1.002520089774089573e+00,6.596763899467776859e-01,2.739476292909881927e+00
6.095000000000000417e-01,-1.135572697259520369e+00,-4.759617172803558005e-01,6.094999999999999307e-01,1.002034414539876073e+00,6.596109799791645134e-01,2.738566529631451196e+00
6.099999999999999867e-01,-1.135549011612987380e+00,-4.760006834158687083e-01,6.100000000000000977e-01,1.001549695028855824e+00,6.595483281971186162e-01,2.737615625122471030e+00
6.105000000000000426e-01,-1.135527182116631062e+00,-4.760387505849824064e-01,6.105000000000000426e-01,1.001065932701613370e+00,6.594884315316487111e-01,2.736623632138033280e+00
6.109999999999999876e-01,-1.135507207944514318e+00,-4.760759210750548642e-01,6.109999999999999876e-01,1.000583129019569029e+00,6.594312868694593988e-01,2.735590606209546749e+00
6.115000000000000435e-01,-1.135489088249015843e+00,-4.761121971959468846e-01,6.115000000000001545e-01,1.000101285444962684e+00,6.593768910530689586e-01,2.734516605635424202e+00
6.119999999999999885e-01,-1.135472822160883855e+00,-4.761475812799617069e-01,6.119999999999998774e-01,9.996204034408457950e-01,6.593252408809221476e-01,2.733401691471487815e+00
6.125000000000000444e-01,-1.135458408789292273e+00,-4.761820756817769507e-01,6.124999999999999334e-01,9.991404844710692901e-01,6.592763331075153221e-01,2.732245927520803530e+00
6.129999999999999893e-01,-1.135445847221892901e+00,-4.762156827783775581e-01,6.129999999999999893e-01,9.986615300002705808e-01,6.592301644435153429e-01,2.731049380323199216e+00
6.135000000000000453e-01,-1.135435136524876931e+00,-4.762484049689867383e-01,6.135000000000001563e-01,9.981835414938629025e-01,6.591867315558901375e-01,2.729812119144296112e+00
6.139999999999999902e-01,-1.135426275743029123e+00,-4.762802446749952456e-01,6.139999999999998792e-01,9.977065204180243230e-01,6.591460310680339330e-01,2.728534215964151688e+00
6.145000000000000462e-01,-1.135419263899790865e+00,-4.763112043398919360e-01,6.145000000000000462e-01,9.972304682396831987e-01,6.591080595598989289e-01,2.727215745465521035e+00
6.149999999999999911e-01,-1.135414099997321458e+00,-4.763412864291877158e-01,6.149999999999999911e-01,9.967553864265089603e-01,6.590728135681337418e-01,2.725856785021622208e+00
6.155000000000000471e-01,-1.135410783016556291e+00,-4.763704934303427119e-01,6.154999999999999361e-01,9.962812764468990112e-01,6.590402895862135235e-01,2.724457414683612466e+00
6.159999999999999920e-01,-1.135409311917276787e+00,-4.763988278526893327e-01,6.160000000000001030e-01,9.958081397699657389e-01,6.590104840645873985e-01,2.723017717167525831e+00
6.165000000000000480e-01,-1.135409685638170796e+00,-4.764262922273559409e-01,6.165000000000001590e-01,9.953359778655264112e-01,6.589833934108149105e-01,2.721537777840953964e+00
6.169999999999999929e-01,-1.135411903096901653e+00,-4.764528891071872496e-01,6.169999999999999929e-01,9.948647922040892988e-01,6.589590139897143484e-01,2.720017684709229666e+00
6.175000000000000488e-01,-1.135415963190175903e+00,-4.764786210666643318e-01,6.174999999999999378e-01,9.943945842568403526e-01,6.589373421235116268e-01,2.718457528401232892e+00
6.179999999999999938e-01,-1.135421864793810576e+00,-4.765034907018236843e-01,6.179999999999998828e-01,9.939253554956337666e-01,6.589183740919868359e-01,2.716857402154879697e+00
6.185000000000000497e-01,-1.135429606762804466e+00,-4.765275006301732952e-01,6.185000000000000497e-01,9.934571073929778784e-01,6.589021061326312267e-01,2.715217401802143549e+00
6.189999999999999947e-01,-1.135439187931410965e+00,-4.765506534906098768e-01,6.189999999999998836e-01,9.929898414220209579e-01,6.588885344408010880e-01,2.713537625753750682e+00
6.195000000000000506e-01,-1.135450607113209109e+00,-4.765729519433321015e-01,6.195000000000001616e-01,9.925235590565411048e-01,6.588776551698769524e-01,2.711818174983468221e+00
6.199999999999999956e-01,-1.135463863101178195e+00,-4.765943986697540047e-01,6.199999999999998845e-01,9.920582617709322593e-01,6.588694644314241344e-01,2.710059153012061461e+00
6.205000000000000515e-01,-1.135478954667774598e+00,-4.766149963724175542e-01,6.205000000000001625e-01,9.915939510401918788e-01,6.588639582953570439e-01,2.708260665890839913e+00
6.209999999999999964e-01,-1.135495880565005500e+00,-4.766347477749018902e-01,6.209999999999999964e-01,9.911306283399072825e-01,6.588611327901036097e-01,2.706422822184893384e+00
6.215000000000000524e-01,-1.135514639524509040e+00,-4.766536556217335074e-01,6.215000000000001634e-01,9.906682951462418840e-01,6.588609839027754767e-01,2.704545732955921267e+00
6.219999999999999973e-01,-1.135535230257632477e+00,-4.766717226782942740e-01,6.220000000000001084e-01,9.902069529359267541e-01,6.588635075793382034e-01,2.702629511744757185e+00
6.225000000000000533e-01,-1.135557651455513462e+00,-4.766889517307267843e-01,6.225000000000000533e-01,9.897466031862396374e-01,6.588686997247866772e-01,2.700674274553491738e+00
6.229999999999999982e-01,-1.135581901789157966e+00,-4.767053455858416000e-01,6.229999999999999982e-01,9.892872473749994011e-01,6.588765562033163103e-01,2.698680139827347890e+00
6.235000000000000542e-01,-1.135607979909527332e+00,-4.767209070710197172e-01,6.234999999999999432e-01,9.888288869805466064e-01,6.588870728385076703e-01,2.696647228436095389e+00
6.239999999999999991e-01,-1.135635884447618427e+00,-4.767356390341174199e-01,6.239999999999998881e-01,9.883715234817358475e-01,6.589002454135010067e-01,2.694575663655258246e+00
6.245000000000000551e-01,-1.135665614014550906e+00,-4.767495443433650282e-01,6.244999999999999440e-01,9.879151583579161011e-01,6.589160696711858778e-01,2.692465571146882120e+00
6.250000000000000000e-01,-1.135697167201652036e+00,-4.767626258872705303e-01,6.250000000000000000e-01,9.874597930889225106e-01,6.589345413143814501e-01,2.690317078940076101e+00
6.255000000000000560e-01,-1.135730542580542846e+00,-4.767748865745163322e-01,6.255000000000001670e-01,9.870054291550591774e-01,6.589556560060265689e-01,2.688130317411193015e+00
6.260000000000000009e-01,-1.135765738703228278e+00,-4.767863293338595598e-01,6.259999999999998899e-01,9.865520680370877260e-01,6.589794093693687183e-01,2.685905419263709515e+00
6.265000000000000568e-01,-1.135802754102184453e+00,-4.767969571140268648e-01,6.265000000000000568e-01,9.860997112162115386e-01,6.590057969881575328e-01,2.683642519507789981e+00
6.270000000000000018e-01,-1.135841587290452370e+00,-4.768067728836117847e-01,6.270000000000001128e-01,9.856483601740640976e-01,6.590348144068405301e-01,2.681341755439555108e+00
6.275000000000000577e-01,-1.135882236761724950e+00,-4.768157796309670515e-01,6.274999999999999467e-01,9.851980163926916667e-01,6.590664571307578434e-01,2.679003266620080481e+00
6.280000000000000027e-01,-1.135924700990440961e+00,-4.768239803641017849e-01,6.280000000000001137e-01,9.847486813545430762e-01,6.591007206263391760e-01,2.676627194854109160e+00
6.285000000000000586e-01,-1.135968978431882714e+00,-4.768313781105698590e-01,6.285000000000000586e-01,9.843003565424525148e-01,6.591376003213128554e-01,2.674213684168401439e+00
6.290000000000000036e-01,-1.136015067522263999e+00,-4.768379759173639321e-01,6.290000000000001146e-01,9.838530434396273172e-01,6.591770916049000117e-01,2.671762880789945172e+00
6.295000000000000595e-01,-1.136062966678829778e+00,-4.768437768508031471e-01,6.295000000000001705e-01,9.834067435296328652e-01,6.592191898280266305e-01,2.669274933123762850e+00
6.300000000000000044e-01,-1.136112674299952552e+00,-4.768487839964251074e-01,6.299999999999998934e-01,9.829614582963774883e-01,6.592638903035275000e-01,2.666749991730561486e+00
6.305000000000000604e-01,-1.136164188765228289e+00,-4.768530004588703020e-01,6.305000000000000604e-01,9.825171892240985860e-01,6.593111883063580425e-01,2.664188209304038768e+00
6.310000000000000053e-01,-1.136217508435576562e+00,-4.768564293617721384e-01,6.310000000000001164e-01,9.820739377973488615e-01,6.593610790738044791e-01,2.661589740647995583e+00
6.315000000000000613e-01,-1.136272631653340026e+00,-4.768590738476407020e-01,6.315000000000001723e-01,9.816317055009803338e-01,6.594135578056993241e-01,2.658954742653166115e+00
6.320000000000000062e-01,-1.136329556742382785e+00,-4.768609370777476819e-01,6.320000000000001172e-01,9.811904938201304605e-01,6.594686196646351029e-01,2.656283374273840092e+00
6.325000000000000622e-01,-1.136388282008194972e+00,-4.768620222320122948e-01,6.325000000000000622e-01,9.807503042402070381e-01,6.595262597761826218e-01,2.653575796504227480e+00
6.330000000000000071e-01,-1.136448805737992673e+00,-4.768623325088807152e-01,6.330000000000000071e-01,9.803111382468732149e-01,6.595864732291119026e-01,2.650832172354581129e+00
6.335000000000000631e-01,-1.136511126200821842e+00,-4.768618711252102793e-01,6.335000000000001741e-01,9.798729973260318360e-01,6.596492550756115625e-01,2.648052666827148904e+00
6.340000000000000080e-01,-1.136575241647664214e+00,-4.768606413161491364e-01,6.340000000000001190e-01,9.794358829638128983e-01,6.597146003315150775e-01,2.645237446891834932e+00
6.345000000000000639e-01,-1.136641150311538118e+00,-4.768586463350173998e-01,6.345000000000000639e-01,9.789997966465556756e-01,6.597825039765207178e-01,2.642386681461753373e+00
6.350000000000000089e-01,-1.136708850407610161e+00,-4.768558894531835235e-01,6.350000000000001199e-01,9.785647398607935088e-01,6.598529609544265817e-01,2.639500541368450026e+00
6.355000000000000648e-01,-1.136778340133295817e+00,-4.768523739599451194e-01,6.355000000000001759e-01,9.781307140932408162e-01,6.599259661733507532e-01,2.636579199337059087e+00
6.360000000000000098e-01,-1.136849617668372447e+00,-4.768481031624035027e-01,6.360000000000001208e-01,9.776977208307755518e-01,6.600015145059690003e-01,2.633622829961151268e+00
6.365000000000000657e-01,-1.136922681175083882e+00,-4.768430803853413447e-01,6.365000000000000657e-01,9.772657615604253278e-01,6.600796007897424822e-01,2.630631609677493099e+00
6.370000000000000107e-01,-1.136997528798251889e+00,-4.768373089710976065e-01,6.370000000000000107e-01,9.768348377693494289e-01,6.601602198271543376e-01,2.627605716740557984e+00
6.375000000000000666e-01,-1.137074158665384749e+00,-4.768307922794413622e-01,6.374999999999999556e-01,9.764049509448259334e-01,6.602433663859433866e-01,2.624545331196920461e+00
6.380000000000000115e-01,-1.137152568886789394e+00,-4.768235336874455665e-01,6.379999999999999005e-01,9.759761025742349494e-01,6.603290351993438279e-01,2.621450634859430195e+00
6.385000000000000675e-01,-1.137232757555681983e+00,-4.768155365893596009e-01,6.385000000000000675e-01,9.755482941450414058e-01,6.604172209663223825e-01,2.618321811281266509e+00
6.390000000000000124e-01,-1.137314722748300477e+00,-4.768068043964817093e-01,6.390000000000000124e-01,9.751215271447818411e-01,6.605079183518187680e-01,2.615159045729840148e+00
6.395000000000000684e-01,-1.137398462524017440e+00,-4.767973405370286022e-01,6.395000000000001794e-01,9.746958030610456403e-01,6.606011219869888373e-01,2.611962525160513859e+00
6.400000000000000133e-01,-1.137483974925455499e+00,-4.767871484560064488e-01,6.399999999999999023e-01,9.742711233814621563e-01,6.606968264694490500e-01,2.608732438190208391e+00
6.404999999999999583e-01,-1.137571257978598371e+00,-4.767762316150808699e-01,6.405000000000000693e-01,9.738474895936793940e-01,6.607950263635175014e-01,2.605468975070899251e+00
6.410000000000000142e-01,-1.137660309692910099e+00,-4.767645934924440998e-01,6.410000000000000142e-01,9.734249031853543510e-01,6.608957162004660546e-01,2.602172327662916729e+00
6.414999999999999591e-01,-1.137751128061447625e+00,-4.767522375826838132e-01,6.414999999999999591e-01,9.730033656441313683e-01,6.609988904787638120e-01,2.598842689408202400e+00
6.420000000000000151e-01,-1.137843711060979368e+00,-4.767391673966497323e-01,6.420000000000001261e-01,9.725828784576291408e-01,6.611045436643296913e-01,2.595480255303372452e+00
6.424999999999999600e-01,-1.137938056652101348e+00,-4.767253864613206771e-01,6.425000000000000711e-01,9.721634431134221765e-01,6.612126701907806714e-01,2.592085221872769463e+00
6.430000000000000160e-01,-1.138034162779355096e+00,-4.767108983196686744e-01,6.430000000000000160e-01,9.717450610990239213e-01,6.613232644596864773e-01,2.588657787141302791e+00
6.434999999999999609e-01,-1.138132027371347332e+00,-4.766957065305263974e-01,6.434999999999999609e-01,9.713277339018736578e-01,6.614363208408209349e-01,2.585198150607283640e+00
6.440000000000000169e-01,-1.138231648340866098e+00,-4.766798146684487758e-01,6.439999999999999059e-01,9.709114630093149678e-01,6.615518336724173221e-01,2.581706513215120680e+00
6.444999999999999618e-01,-1.138333023585003101e+00,-4.766632263235786038e-01,6.445000000000000728e-01,9.704962499085819649e-01,6.616697972614244971e-01,2.578183077327954376e+00
6.450000000000000178e-01,-1.138436150985274953e+00,-4.766459451015075399e-01,6.450000000000000178e-01,9.700820960867816423e-01,6.617902058837674684e-01,2.574628046700162542e+00
6.454999999999999627e-01,-1.138541028407737077e+00,-4.766279746231403824e-01,6.454999999999999627e-01,9.696690030308773300e-01,6.619130537845967499e-01,2.571041626449932949e+00
6.460000000000000187e-01,-1.138647653703114049e+00,-4.766093185245561248e-01,6.460000000000001297e-01,9.692569722276702660e-01,6.620383351785579240e-01,2.567424023031582347e+00
6.464999999999999636e-01,-1.138756024706916392e+00,-4.765899804568675124e-01,6.465000000000000746e-01,9.688460051637838299e-01,6.621660442500488797e-01,2.563775444207939902e+00
6.470000000000000195e-01,-1.138866139239563147e+00,-4.765699640860835418e-01,6.470000000000001306e-01,9.684361033256468909e-01,6.622961751534796049e-01,2.560096099022680427e+00
6.474999999999999645e-01,-1.138977995106503993e+00,-4.765492730929681287e-01,6.474999999999997424e-01,9.680272681994722683e-01,6.624287220135358645e-01,2.556386197772555491e+00
6.480000000000000204e-01,-1.139091590098345153e+00,-4.765279111729006090e-01,6.479999999999999094e-01,9.676195012712460741e-01,6.625636789254445436e-01,2.552645951979616523e+00
6.484999999999999654e-01,-1.139206921990972621e+00,-4.765058820357328528e-01,6.484999999999998543e-01,9.672128040267056193e-01,6.627010399552397679e-01,2.548875574363388186e+00
6.490000000000000213e-01,-1.139323988545673183e+00,-4.764831894056486550e-01,6.490000000000000213e-01,9.668071779513217612e-01,6.628407991400244725e-01,2.545075278813049291e+00
6.494999999999999662e-01,-1.139442787509262978e+00,-4.764598370210211820e-01,6.495000000000000773e-01,9.664026245302839158e-01,6.629829504882418512e-01,2.541245280359538672e+00
6.500000000000000222e-01,-1.139563316614210731e+00,-4.764358286342702531e-01,6.499999999999999112e-01,9.659991452484810726e-01,6.631274879799404776e-01,2.537385795147691248e+00
6.504999999999999671e-01,-1.139685573578762545e+00,-4.764111680117190661e-01,6.505000000000000782e-01,9.655967415904816997e-01,6.632744055670434236e-01,2.533497040408346557e+00
6.510000000000000231e-01,-1.139809556107070021e+00,-4.763858589334500904e-01,6.509999999999999121e-01,9.651954150405203103e-01,6.634236971736199306e-01,2.529579234430435530e+00
6.514999999999999680e-01,-1.139935261889314377e+00,-4.763599051931615147e-01,6.514999999999999680e-01,9.647951670824759240e-01,6.635753566961528627e-01,2.525632596533113450e+00
6.520000000000000240e-01,-1.140062688601833685e+00,-4.763333105980215865e-01,6.520000000000001350e-01,9.643959991998551917e-01,6.637293780038120428e-01,2.521657347037851604e+00
6.524999999999999689e-01,-1.140191833907249874e+00,-4.763060789685252816e-01,6.525000000000000799e-01,9.639979128757752980e-01,6.638857549387245927e-01,2.517653707240583127e+00
6.530000000000000249e-01,-1.140322695454597524e+00,-4.762782141383465895e-01,6.530000000000000249e-01,9.636009095929437551e-01,6.640444813162509341e-01,2.513621899383823077e+00
6.534999999999999698e-01,-1.140455270879447536e+00,-4.762497199541945725e-01,6.534999999999997478e-01,9.632049908336424160e-01,6.642055509252529077e-01,2.509562146628879997e+00
6.540000000000000258e-01,-1.140589557804039922e+00,-4.762206002756661505e-01,6.540000000000003588e-01,9.628101580797064907e-01,6.643689575283737714e-01,2.505474673028011967e+00
6.544999999999999707e-01,-1.140725553837408146e+00,-4.761908589750992737e-01,6.544999999999998597e-01,9.624164128125071160e-01,6.645346948623088723e-01,2.501359703496700781e+00
6.550000000000000266e-01,-1.140863256575509244e+00,-4.761604999374274838e-01,6.549999999999998046e-01,9.620237565129369228e-01,6.647027566380817598e-01,2.497217463785920355e+00
6.554999999999999716e-01,-1.141002663601353495e+00,-4.761295270600294227e-01,6.555000000000001936e-01,9.616321906613827242e-01,6.648731365413240724e-01,2.493048180454442875e+00
6.560000000000000275e-01,-1.141143772485130103e+00,-4.760979442525841709e-01,6.560000000000001386e-01,9.612417167377144134e-01,6.650458282325459880e-01,2.488852080841244430e+00
6.564999999999999725e-01,-1.141286580784340865e+00,-4.760657554369229771e-01,6.565000000000000835e-01,9.608523362212640917e-01,6.652208253474178878e-01,2.484629393037925293e+00
6.570000000000000284e-01,-1.141431086043924736e+00,-4.760329645468799331e-01,6.570000000000001394e-01,9.604640505908040859e-01,6.653981214970448033e-01,2.480380345861225688e+00
6.574999999999999734e-01,-1.141577285796392616e+00,-4.759995755281425933e-01,6.575000000000003064e-01,9.600768613245348471e-01,6.655777102682500779e-01,2.476105168825561087e+00
6.580000000000000293e-01,-1.141725177561951909e+00,-4.759655923381060916e-01,6.580000000000001403e-01,9.596907699000578607e-01,6.657595852238458178e-01,2.471804092115692519e+00
6.584999999999999742e-01,-1.141874758848640870e+00,-4.759310189457212070e-01,6.584999999999998632e-01,9.593057777943617692e-01,6.659437399029196625e-01,2.467477346559424856e+00
6.590000000000000302e-01,-1.142026027152456269e+00,-4.758958593313469820e-01,6.589999999999999192e-01,9.589218864838034984e-01,6.661301678211093424e-01,2.463125163600416112e+00
6.594999999999999751e-01,-1.142178979957483964e+00,-4.758601174866005090e-01,6.594999999999998641e-01,9.585390974440846090e-01,6.663188624708834551e-01,2.458747775271071578e+00
6.600000000000000311e-01,-1.142333614736030345e+00,-4.758237974142064952e-01,6.599999999999999201e-01,9.581574121502367536e-01,6.665098173218237942e-01,2.454345414165509887e+00
6.604999999999999760e-01,-1.142489928948751121e+00,-4.757869031278493810e-01,6.604999999999996430e-01,9.577768320766006926e-01,6.667030258209016846e-01,2.449918313412673410e+00
6.610000000000000320e-01,-1.142647920044783660e+00,-4.757494386520201846e-01,6.610000000000000320e-01,9.573973586968039795e-01,6.668984813927634203e-01,2.445466706649458644e+00
6.614999999999999769e-01,-1.142807585461877551e+00,-4.757114080218697305e-01,6.614999999999999769e-01,9.570189934837470824e-01,6.670961774400078204e-01,2.440990827994063750e+00
6.620000000000000329e-01,-1.142968922626522721e+00,-4.756728152830556056e-01,6.619999999999999218e-01,9.566417379095781826e-01,6.672961073434671153e-01,2.436490912019365851e+00
6.624999999999999778e-01,-1.143131928954084220e+00,-4.756336644915928336e-01,6.624999999999998668e-01,9.562655934456771867e-01,6.674982644624913863e-01,2.431967193726428889e+00
6.630000000000000338e-01,-1.143296601848931227e+00,-4.755939597137025521e-01,6.629999999999999227e-01,9.558905615626337449e-01,6.677026421352286745e-01,2.427419908518144709e+00
6.634999999999999787e-01,-1.143462938704567167e+00,-4.755537050256622433e-01,6.634999999999998677e-01,9.555166437302292648e-01,6.679092336789049789e-01,2.422849292173027802e+00
6.640000000000000346e-01,-1.143630936903760720e+00,-4.755129045136533006e-01,6.639999999999999236e-01,9.551438414174141522e-01,6.681180323901074747e-01,2.418255580819065997e+00
6.644999999999999796e-01,-1.143800593818680156e+00,-4.754715622736126468e-01,6.645000000000000906e-01,9.547721560922922679e-01,6.683290315450675090e-01,2.413639010907782545e+00
6.650000000000000355e-01,-1.143971906811018791e+00,-4.754296824110778585e-01,6.650000000000000355e-01,9.544015892220968356e-01,6.685422243999409320e-01,2.408999819188372804e+00
6.654999999999999805e-01,-1.144144873232130211e+00,-4.753872690410398949e-01,6.655000000000002025e-01,9.540321422731696810e-01,6.687576041910903157e-01,2.404338242682045657e+00
6.660000000000000364e-01,-1.144319490423157948e+00,-4.753443262877896092e-01,6.659999999999999254e-01,9.536638167109472430e-01,6.689751641353682832e-01,2.399654518656445301e+00
6.664999999999999813e-01,-1.144495755715164709e+00,-4.753008582847683128e-01,6.664999999999998703e-01,9.532966139999329291e-01,6.691948974303963960e-01,2.394948884600274663e+00
6.670000000000000373e-01,-1.144673666429265602e+00,-4.752568691744143980e-01,6.670000000000001483e-01,9.529305356036796848e-01,6.694167972548512591e-01,2.390221578198047148e+00
6.674999999999999822e-01,-1.144853219876757811e+00,-4.752123631080138466e-01,6.674999999999999822e-01,9.525655829847711198e-01,6.696408567687439639e-01,2.385472837304990712e+00
6.680000000000000382e-01,-1.145034413359250269e+00,-4.751673442455490726e-01,6.679999999999999272e-01,9.522017576047994147e-01,6.698670691137011968e-01,2.380702899922148674e+00
6.684999999999999831e-01,-1.145217244168796222e+00,-4.751218167555470440e-01,6.684999999999998721e-01,9.518390609243436717e-01,6.700954274132491228e-01,2.375912004171600422e+00
6.690000000000000391e-01,-1.145401709588022232e+00,-4.750757848149280704e-01,6.690000000000000391e-01,9.514774944029501524e-01,6.703259247730941617e-01,2.371100388271865977e+00
6.694999999999999840e-01,-1.145587806890257854e+00,-4.750292526088557565e-01,6.695000000000003171e-01,9.511170594991136262e-01,6.705585542814020972e-01,2.366268290513527273e+00
6.700000000000000400e-01,-1.145775533339668417e+00,-4.749822243305851233e-01,6.700000000000001510e-01,9.507577576702532784e-01,6.707933090090832939e-01,2.361415949234928036e+00
6.704999999999999849e-01,-1.145964886191381593e+00,-4.749347041813118397e-01,6.704999999999998739e-01,9.503995903726938366e-01,6.710301820100696979e-01,2.356543602798163217e+00
6.710000000000000409e-01,-1.146155862691620175e+00,-4.748866963700216770e-01,6.709999999999997078e-01,9.500425590616422555e-01,6.712691663215984983e-01,2.351651489565154129e+00
6.714999999999999858e-01,-1.146348460077831310e+00,-4.748382051133395176e-01,6.714999999999999858e-01,9.496866651911706203e-01,6.715102549644917929e-01,2.346739847873976270e+00
6.720000000000000417e-01,-1.146542675578813508e+00,-4.747892346353787540e-01,6.720000000000001528e-01,9.493319102141926091e-01,6.717534409434346987e-01,2.341808916015345243e+00
6.724999999999999867e-01,-1.146738506414849645e+00,-4.747397891675904091e-01,6.724999999999998757e-01,9.489782955824395128e-01,6.719987172472592363e-01,2.336858932209282980e+00
6.730000000000000426e-01,-1.146935949797832865e+00,-4.746898729486140889e-01,6.730000000000000426e-01,9.486258227464468007e-01,6.722460768492187766e-01,2.331890134582028207e+00
6.734999999999999876e-01,-1.147135002931398029e+00,-4.746394902241252156e-01,6.735000000000000986e-01,9.482744931555231460e-01,6.724955127072728134e-01,2.326902761143056164e+00
6.740000000000000435e-01,-1.147335663011049167e+00,-4.745886452466880900e-01,6.740000000000001545e-01,9.479243082577366586e-01,6.727470177643610771e-01,2.321897049762404741e+00
6.744999999999999885e-01,-1.147537927224287824e+00,-4.745373422756036796e-01,6.744999999999996554e-01,9.475752694998920145e-01,6.730005849486841996e-01,2.316873238148116076e+00
6.750000000000000444e-01,-1.147741792750741396e+00,-4.744855855767606823e-01,6.750000000000001554e-01,9.472273783275020342e-01,6.732562071739807141e-01,2.311831563823916635e+00
6.754999999999999893e-01,-1.147947256762291923e+00,-4.744333794224855905e-01,6.755000000000002114e-01,9.468806361847772468e-01,6.735138773398063883e-01,2.306772264107114889e+00
6.760000000000000453e-01,-1.148154316423202204e+00,-4.743807280913939217e-01,6.759999999999999343e-01,9.465350445145961356e-01,6.737735883318083374e-01,2.301695576086685957e+00
6.764999999999999902e-01,-1.148362968890244806e+00,-4.743276358682407268e-01,6.765000000000001013e-01,9.461906047584850432e-01,6.740353330220041350e-01,2.296601736601588506e+00
6.770000000000000462e-01,-1.148573211312827524e+00,-4.742741070437719308e-01,6.770000000000000462e-01,9.458473183565996312e-01,6.742991042690555936e-01,2.291490982219287265e+00
6.774999999999999911e-01,-1.148785040833122384e+00,-4.742201459145753972e-01,6.774999999999998801e-01,9.455051867476980121e-01,6.745648949185469867e-01,2.286363549214472712e+00
6.780000000000000471e-01,-1.148998454586190432e+00,-4.741657567829319908e-01,6.779999999999999361e-01,9.451642113691224312e-01,6.748326978032583856e-01,2.281219673548028570e+00
6.784999999999999920e-01,-1.149213449700107192e+00,-4.741109439566690287e-01,6.784999999999998810e-01,9.448243936567763956e-01,6.751025057434381083e-01,2.276059590846231551e+00
6.790000000000000480e-01,-1.149430023296091230e+00,-4.740557117490104555e-01,6.789999999999999369e-01,9.444857350451019151e-01,6.753743115470807190e-01,2.270883536380110979e+00
6.794999999999999929e-01,-1.149648172488627829e+00,-4.740000644784300721e-01,6.794999999999999929e-01,9.441482369670574082e-01,6.756481080101977010e-01,2.265691745045090855e+00
6.800000000000000488e-01,-1.149867894385592670e+00,-4.739440064685048193e-01,6.799999999999999378e-01,9.438119008540976074e-01,6.759238879170879066e-01,2.260484451340863732e+00
6.804999999999999938e-01,-1.150089186088381510e+00,-4.738875420477661193e-01,6.804999999999998828e-01,9.434767281361475799e-01,6.762016440406153350e-01,2.255261889351410698e+00
6.810000000000000497e-01,-1.150312044692028968e+00,-4.738306755495555467e-01,6.810000000000000497e-01,9.431427202415844091e-01,6.764813691424733655e-01,2.250024292725380182e+00
6.814999999999999947e-01,-1.150536467285336428e+00,-4.737734113118749479e-01,6.814999999999998836e-01,9.428098785972109930e-01,6.767630559734614248e-01,2.244771894656560018e+00
6.820000000000000506e-01,-1.150762450950993276e+00,-4.737157536772435562e-01,6.820000000000001616e-01,9.424782046282365044e-01,6.770466972737496647e-01,2.239504927864700790e+00
6.824999999999999956e-01,-1.150989992765702130e+00,-4.736577069925509420e-01,6.824999999999996625e-01,9.421476997582526325e-01,6.773322857731511881e-01,2.234223624576486156e+00
6.830000000000000515e-01,-1.151219089800300965e+00,-4.735992756089115185e-01,6.830000000000001625e-01,9.418183654092128210e-01,6.776198141913893913e-01,2.228928216506786963e+00
6.834999999999999964e-01,-1.151449739119884796e+00,-4.735404638815185474e-01,6.834999999999999964e-01,9.414902030014031808e-01,6.779092752383661935e-01,2.223618934840138728e+00
6.840000000000000524e-01,-1.151681937783929577e+00,-4.734812761695021965e-01,6.839999999999997193e-01,9.411632139534314989e-01,6.782006616144273803e-01,2.218296010212451819e+00
6.844999999999999973e-01,-1.151915682846410549e+00,-4.734217168357817140e-01,6.844999999999998863e-01,9.408373996821922658e-01,6.784939660106288351e-01,2.212959672692967672e+00
6.850000000000000533e-01,-1.152150971355927034e+00,-4.733617902469242633e-01,6.850000000000000533e-01,9.405127616028511328e-01,6.787891811090027705e-01,2.207610151766449036e+00
6.854999999999999982e-01,-1.152387800355820113e+00,-4.733015007729995394e-01,6.854999999999996652e-01,9.401893011288198210e-01,6.790862995828206294e-01,2.202247676315619795e+00
6.860000000000000542e-01,-1.152626166884297421e+00,-4.732408527874377158e-01,6.859999999999999432e-01,9.398670196717354708e-01,6.793853140968597604e-01,2.196872474603812631e+00
6.864999999999999991e-01,-1.152866067974546382e+00,-4.731798506668859483e-01,6.864999999999998881e-01,9.395459186414321096e-01,6.796862173076604341e-01,2.191484774257936863e+00
6.870000000000000551e-01,-1.153107500654857454e+00,-4.731184987910663775e-01,6.869999999999999440e-01,9.392259994459241090e-01,6.799890018637910760e-01,2.186084802251600401e+00
6.875000000000000000e-01,-1.153350461948744687e+00,-4.730568015426344086e-01,6.875000000000000000e-01,9.389072634913792070e-01,6.802936604061102788e-01,2.180672784888521676e+00
6.880000000000000560e-01,-1.153594948875059645e+00,-4.729947633070363255e-01,6.879999999999997229e-01,9.385897121820954148e-01,6.806001855680232637e-01,2.175248947786186715e+00
6.885000000000000009e-01,-1.153840958448112186e+00,-4.729323884723693472e-01,6.885000000000001119e-01,9.382733469204816990e-01,6.809085699757428944e-01,2.169813515859740694e+00
6.890000000000000568e-01,-1.154088487677787267e+00,-4.728696814292400186e-01,6.889999999999998348e-01,9.379581691070272287e-01,6.812188062485472484e-01,2.164366713306119738e+00
6.895000000000000018e-01,-1.154337533569661955e+00,-4.728066465706249333e-01,6.895000000000001128e-01,9.376441801402866094e-01,6.815308869990370777e-01,2.158908763588450963e+00
6.900000000000000577e-01,-1.154588093125120452e+00,-4.727432882917300128e-01,6.900000000000001688e-01,9.373313814168504621e-01,6.818448048333904943e-01,2.153439889420675879e+00
6.905000000000000027e-01,-1.154840163341471326e+00,-4.726796109898528386e-01,6.904999999999998916e-01,9.370197743313237737e-01,6.821605523516185432e-01,2.147960312752426049e+00
6.910000000000000586e-01,-1.155093741212062985e+00,-4.726156190642416544e-01,6.910000000000003917e-01,9.367093602763043592e-01,6.824781221478213311e-01,2.142470254754152315e+00
6.915000000000000036e-01,-1.155348823726396690e+00,-4.725513169159590854e-01,6.915000000000000036e-01,9.364001406423558826e-01,6.827975068104376044e-01,2.136969935802500054e+00
6.920000000000000595e-01,-1.155605407870243351e+00,-4.724867089477433613e-01,6.920000000000001705e-01,9.360921168179862084e-01,6.831186989224999895e-01,2.131459575465911360e+00
6.925000000000000044e-01,-1.155863490625753665e+00,-4.724217995638719803e-01,6.924999999999998934e-01,9.357852901896257514e-01,6.834416910618816843e-01,2.125939392490529212e+00
6.930000000000000604e-01,-1.156123068971575130e+00,-4.723565931700225429e-01,6.930000000000000604e-01,9.354796621415971680e-01,6.837664758015525868e-01,2.120409604786255287e+00
6.935000000000000053e-01,-1.156384139882960849e+00,-4.722910941731397472e-01,6.935000000000003384e-01,9.351752340561004795e-01,6.840930457098211015e-01,2.114870429413163944e+00
6.940000000000000613e-01,-1.156646700331885658e+00,-4.722253069812974435e-01,6.940000000000001723e-01,9.348720073131829844e-01,6.844213933505882697e-01,2.109322082568065415e+00
6.945000000000000062e-01,-1.156910747287152930e+00,-4.721592360035640756e-01,6.944999999999998952e-01,9.345699832907173876e-01,6.847515112835889095e-01,2.103764779571387855e+00
6.950000000000000622e-01,-1.157176277714509149e+00,-4.720928856498675663e-01,6.950000000000001732e-01,9.342691633643770421e-01,6.850833920646415276e-01,2.098198734854256120e+00
6.955000000000000071e-01,-1.157443288576752272e+00,-4.720262603308622018e-01,6.955000000000000071e-01,9.339695489076147439e-01,6.854170282458900143e-01,2.092624161945848993e+00
6.960000000000000631e-01,-1.157711776833842077e+00,-4.719593644577932956e-01,6.959999999999999520e-01,9.336711412916353092e-01,6.857524123760487811e-01,2.087041273460977564e+00
6.965000000000000080e-01,-1.157981739443007418e+00,-4.718922024423661821e-01,6.964999999999998970e-01,9.333739418853732595e-01,6.860895370006412364e-01,2.081450281087950493e+00
6.970000000000000639e-01,-1.158253173358857246e+00,-4.718247786966121016e-01,6.970000000000000639e-01,9.330779520554695061e-01,6.864283946622451449e-01,2.075851395576610248e+00
6.975000000000000089e-01,-1.158526075533488964e+00,-4.717570976327565280e-01,6.974999999999996758e-01,9.327831731662457049e-01,6.867689779007324358e-01,2.070244826726668652e+00
6.980000000000000648e-01,-1.158800442916591678e+00,-4.716891636630887730e-01,6.979999999999999538e-01,9.324896065796803857e-01,6.871112792535029046e-01,2.064630783376301792e+00
6.985000000000000098e-01,-1.159076272455556111e+00,-4.716209811998295920e-01,6.984999999999998987e-01,9.321972536553855271e-01,6.874552912557265749e-01,2.059009473390932321e+00
6.990000000000000657e-01,-1.159353561095580076e+00,-4.715525546550022873e-01,6.990000000000001767e-01,9.319061157505817983e-01,6.878010064405777335e-01,2.053381103652279993e+00
6.995000000000000107e-01,-1.159632305779773498e+00,-4.714838884403024233e-01,6.995000000000000107e-01,9.316161942200759105e-01,6.881484173394710746e-01,2.047745880047668443e+00
7.000000000000000666e-01,-1.159912503449262555e+00,-4.714149869669691517e-01,6.999999999999999556e-01,9.313274904162318624e-01,6.884975164822934035e-01,2.042104007459547788e+00
7.005000000000000115e-01,-1.160194151043295596e+00,-4.713458546456560927e-01,7.005000000000001226e-01,9.310400056889513998e-01,6.888482963976394480e-01,2.036455689755265031e+00
7.010000000000000675e-01,-1.160477245499344612e+00,-4.712764958863031040e-01,7.009999999999998455e-01,9.307537413856477038e-01,6.892007496130414523e-01,2.030801129777087155e+00
7.015000000000000124e-01,-1.160761783753208931e+00,-4.712069150980116583e-01,7.015000000000001235e-01,9.304686988512202994e-01,6.895548686551973283e-01,2.025140529332437822e+00
7.020000000000000684e-01,-1.161047762739118916e+00,-4.711371166889135598e-01,7.019999999999999574e-01,9.301848794280325183e-01,6.899106460502053562e-01,2.019474089184380095e+00
7.025000000000000133e-01,-1.161335179389834105e+00,-4.710671050660500403e-01,7.024999999999999023e-01,9.299022844558841872e-01,6.902680743237841199e-01,2.013802009042362506e+00
7.030000000000000693e-01,-1.161624030636747795e+00,-4.709968846352419192e-01,7.029999999999999583e-01,9.296209152719896451e-01,6.906271460015058761e-01,2.008124487553127668e+00
7.035000000000000142e-01,-1.161914313409984745e+00,-4.709264598009674230e-01,7.034999999999997922e-01,9.293407732109519870e-01,6.909878536090172663e-01,2.002441722291955717e+00
7.039999999999999591e-01,-1.162206024638501978e+00,-4.708558349662378961e-01,7.039999999999998481e-01,9.290618596047397482e-01,6.913501896722640261e-01,1.996753909754041878e+00
7.045000000000000151e-01,-1.162499161250187596e+00,-4.707850145324709579e-01,7.045000000000001261e-01,9.287841757826582612e-01,6.917141467177165826e-01,1.991061245346166020e+00
7.049999999999999600e-01,-1.162793720171957812e+00,-4.707140028993729852e-01,7.049999999999996270e-01,9.285077230713315588e-01,6.920797172725847712e-01,1.985363923378591577e+00
7.055000000000000160e-01,-1.163089698329857979e+00,-4.706428044648119369e-01,7.055000000000001270e-01,9.282325027946696228e-01,6.924468938650460981e-01,1.979662137057127680e+00
7.059999999999999609e-01,-1.163387092649155186e+00,-4.705714236246985038e-01,7.059999999999999609e-01,9.279585162738535065e-01,6.928156690244566818e-01,1.973956078475527010e+00
7.065000000000000169e-01,-1.163685900054436395e+00,-4.704998647728636518e-01,7.064999999999999059e-01,9.276857648273001411e-01,6.931860352815727433e-01,1.968245938608008450e+00
7.069999999999999618e-01,-1.163986117469706372e+00,-4.704281323009388838e-01,7.069999999999996287e-01,9.274142497706449051e-01,6.935579851687674324e-01,1.962531907302053735e+00
7.075000000000000178e-01,-1.164287741818478272e+00,-4.703562305982372238e-01,7.074999999999997957e-01,9.271439724167150898e-01,6.939315112202411040e-01,1.956814173271433699e+00
7.079999999999999627e-01,-1.164590770023870459e+00,-4.702841640516313149e-01,7.079999999999996296e-01,9.268749340755015886e-01,6.943066059722391437e-01,1.951092924089423919e+00
7.085000000000000187e-01,-1.164895199008701088e+00,-4.702119370454391212e-01,7.085000000000001297e-01,9.266071360541395796e-01,6.946832619632619110e-01,1.945368346182263952e+00
7.089999999999999636e-01,-1.165201025695577375e+00,-4.701395539613017482e-01,7.089999999999996305e-01,9.263405796568792150e-01,6.950614717342755711e-01,1.939640624822833281e+00
7.095000000000000195e-01,-1.165508247006991738e+00,-4.700670191780697005e-01,7.094999999999996865e-01,9.260752661850617518e-01,6.954412278289220373e-01,1.933909944124529545e+00
7.099999999999999645e-01,-1.165816859865411059e+00,-4.699943370716856972e-01,7.099999999999999645e-01,9.258111969370966809e-01,6.958225227937253621e-01,1.928176487035397679e+00
7.105000000000000204e-01,-1.166126861193367059e+00,-4.699215120150669334e-01,7.104999999999996874e-01,9.255483732084345272e-01,6.962053491783001258e-01,1.922440435332415598e+00
7.109999999999999654e-01,-1.166438247913548665e+00,-4.698485483779926142e-01,7.110000000000000764e-01,9.252867962915408695e-01,6.965896995355560506e-01,1.916701969616046108e+00
7.115000000000000213e-01,-1.166751016948889053e+00,-4.697754505269876590e-01,7.114999999999995772e-01,9.250264674758768013e-01,6.969755664219013935e-01,1.910961269304978227e+00
7.119999999999999662e-01,-1.167065165222656242e+00,-4.697022228252096254e-01,7.120000000000000773e-01,9.247673880478657349e-01,6.973629423974465613e-01,1.905218512631069672e+00
7.125000000000000222e-01,-1.167380689658539250e+00,-4.696288696323355771e-01,7.124999999999999112e-01,9.245095592908750826e-01,6.977518200262036174e-01,1.899473876634508285e+00
7.129999999999999671e-01,-1.167697587180737795e+00,-4.695553953044500628e-01,7.129999999999996341e-01,9.242529824851876130e-01,6.981421918762877876e-01,1.893727537159178187e+00
7.135000000000000231e-01,-1.168015854714047119e+00,-4.694818041939317066e-01,7.134999999999996900e-01,9.239976589079788027e-01,6.985340505201154127e-01,1.887979668848215109e+00
7.139999999999999680e-01,-1.168335489183943254e+00,-4.694081006493449615e-01,7.139999999999997460e-01,9.237435898332885253e-01,6.989273885345983484e-01,1.882230445139804864e+00
7.145000000000000240e-01,-1.168656487516671616e+00,-4.693342890153269220e-01,7.144999999999996909e-01,9.234907765319982920e-01,6.993221985013446940e-01,1.876480038263111716e+00
7.149999999999999689e-01,-1.168978846639327607e+00,-4.692603736324791330e-01,7.149999999999998579e-01,9.232392202718068264e-01,6.997184730068484182e-01,1.870728619234481194e+00
7.155000000000000249e-01,-1.169302563479942991e+00,-4.691863588372583438e-01,7.154999999999998028e-01,9.229889223172011992e-01,7.001162046426846475e-01,1.864976357853787681e+00
7.159999999999999698e-01,-1.169627634967568275e+00,-4.691122489618685942e-01,7.159999999999996367e-01,9.227398839294371768e-01,7.005153860056996251e-01,1.859223422700990946e+00
7.165000000000000258e-01,-1.169954058032355082e+00,-4.690380483341519691e-01,7.164999999999999147e-01,9.224921063665071364e-01,7.009160096982031130e-01,1.853469981132897182e+00
7.169999999999999707e-01,-1.170281829605637647e+00,-4.689637612774832376e-01,7.169999999999996376e-01,9.222455908831209692e-01,7.013180683281543537e-01,1.847716199280099891e+00
7.175000000000000266e-01,-1.170610946620014081e+00,-4.688893921106641605e-01,7.174999999999999156e-01,9.220003387306786591e-01,7.017215545093499207e-01,1.841962242044112852e+00
7.179999999999999716e-01,-1.170941406009427421e+00,-4.688149451478156871e-01,7.179999999999999716e-01,9.217563511572428592e-01,7.021264608616117897e-01,1.836208273094679821e+00
7.185000000000000275e-01,-1.171273204709244009e+00,-4.687404246982747602e-01,7.185000000000001386e-01,9.215136294075183532e-01,7.025327800109693044e-01,1.830454454867284086e+00
7.189999999999999725e-01,-1.171606339656332318e+00,-4.686658350664906214e-01,7.189999999999998614e-01,9.212721747228228564e-01,7.029405045898416970e-01,1.824700948560853186e+00
7.195000000000000284e-01,-1.171940807789142669e+00,-4.685911805519192286e-01,7.195000000000000284e-01,9.210319883410614805e-01,7.033496272372234959e-01,1.818947914135596200e+00
7.199999999999999734e-01,-1.172276606047783609e+00,-4.685164654489223368e-01,7.199999999999996403e-01,9.207930714967061947e-01,7.037601405988612724e-01,1.813195510311069292e+00
7.205000000000000293e-01,-1.172613731374098744e+00,-4.684416940466650803e-01,7.205000000000001403e-01,9.205554254207642950e-01,7.041720373274336087e-01,1.807443894564401798e+00
7.209999999999999742e-01,-1.172952180711742898e+00,-4.683668706290141648e-01,7.209999999999998632e-01,9.203190513407568663e-01,7.045853100827287330e-01,1.801693223128692845e+00
7.215000000000000302e-01,-1.173291951006258049e+00,-4.682919994744378367e-01,7.214999999999999192e-01,9.200839504806949121e-01,7.049999515318201571e-01,1.795943650991589813e+00
7.219999999999999751e-01,-1.173633039205145945e+00,-4.682170848559046861e-01,7.219999999999999751e-01,9.198501240610508223e-01,7.054159543492413142e-01,1.790195331894024466e+00
7.225000000000000311e-01,-1.173975442257946034e+00,-4.681421310407869463e-01,7.224999999999996980e-01,9.196175732987330598e-01,7.058333112171590873e-01,1.784448418329135810e+00
7.229999999999999760e-01,-1.174319157116304968e+00,-4.680671422907587420e-01,7.230000000000000870e-01,9.193862994070639560e-01,7.062520148255462260e-01,1.778703061541348607e+00
7.235000000000000320e-01,-1.174664180734049879e+00,-4.679921228616999995e-01,7.235000000000000320e-01,9.191563035957499572e-01,7.066720578723498791e-01,1.772959411525618423e+00
7.239999999999999769e-01,-1.175010510067262981e+00,-4.679170770035999127e-01,7.240000000000000879e-01,9.189275870708627503e-01,7.070934330636631238e-01,1.767217617026838550e+00
7.245000000000000329e-01,-1.175358142074348855e+00,-4.678420089604589660e-01,7.245000000000001439e-01,9.187001510348071776e-01,7.075161331138899445e-01,1.761477825539421893e+00
7.249999999999999778e-01,-1.175707073716106166e+00,-4.677669229701942877e-01,7.249999999999998668e-01,9.184739966863002536e-01,7.079401507459118781e-01,1.755740183307032520e+00
7.255000000000000338e-01,-1.176057301955800938e+00,-4.676918232645440043e-01,7.255000000000001448e-01,9.182491252203448528e-01,7.083654786912569890e-01,1.750004835322434671e+00
7.259999999999999787e-01,-1.176408823759229394e+00,-4.676167140689732604e-01,7.259999999999997566e-01,9.180255378282029532e-01,7.087921096902560780e-01,1.744271925327596007e+00
7.265000000000000346e-01,-1.176761636094791896e+00,-4.675415996025815146e-01,7.264999999999999236e-01,9.178032356973730987e-01,7.092200364922103262e-01,1.738541595813835050e+00
7.269999999999999796e-01,-1.177115735933556673e+00,-4.674664840780066721e-01,7.270000000000000906e-01,9.175822200115634208e-01,7.096492518555499451e-01,1.732813988022180229e+00
7.275000000000000355e-01,-1.177471120249329095e+00,-4.673913717013362112e-01,7.274999999999998135e-01,9.173624919506649933e-01,7.100797485479928284e-01,1.727089241943866149e+00
7.279999999999999805e-01,-1.177827786018717404e+00,-4.673162666720139247e-01,7.280000000000000915e-01,9.171440526907309598e-01,7.105115193467035350e-01,1.721367496320975965e+00
7.285000000000000364e-01,-1.178185730221197325e+00,-4.672411731827494918e-01,7.284999999999999254e-01,9.169269034039474464e-01,7.109445570384478330e-01,1.715648888647224313e+00
7.289999999999999813e-01,-1.178544949839179568e+00,-4.671660954194289950e-01,7.289999999999998703e-01,9.167110452586081371e-01,7.113788544197505725e-01,1.709933555168875463e+00
7.295000000000000373e-01,-1.178905441858070446e+00,-4.670910375610235477e-01,7.295000000000001483e-01,9.164964794190938457e-01,7.118144042970468988e-01,1.704221630885822014e+00
7.299999999999999822e-01,-1.179267203266338271e+00,-4.670160037795031416e-01,7.299999999999999822e-01,9.162832070458412081e-01,7.122511994868351293e-01,1.698513249552793480e+00
7.305000000000000382e-01,-1.179630231055574408e+00,-4.669409982397467185e-01,7.304999999999999272e-01,9.160712292953213653e-01,7.126892328158276335e-01,1.692808543680684341e+00
7.309999999999999831e-01,-1.179994522220556563e+00,-4.668660250994565719e-01,7.310000000000000941e-01,9.158605473200126523e-01,7.131284971211000467e-01,1.687107644538044848e+00
7.315000000000000391e-01,-1.180360073759309625e+00,-4.667910885090699735e-01,7.315000000000000391e-01,9.156511622683799478e-01,7.135689852502395958e-01,1.681410682152686187e+00
7.319999999999999840e-01,-1.180726882673167610e+00,-4.667161926116737414e-01,7.320000000000000950e-01,9.154430752848408126e-01,7.140106900614938690e-01,1.675717785313401098e+00
7.325000000000000400e-01,-1.181094945966830956e+00,-4.666413415429202516e-01,7.324999999999997069e-01,9.152362875097515005e-01,7.144536044239107042e-01,1.670029081571864582e+00
7.329999999999999849e-01,-1.181464260648429576e+00,-4.665665394309420622e-01,7.329999999999998739e-01,9.150308000793716534e-01,7.148977212174875140e-01,1.664344697244591664e+00
7.335000000000000409e-01,-1.181834823729578154e+00,-4.664917903962674806e-01,7.335000000000001519e-01,9.148266141258458717e-01,7.153430333333106184e-01,1.658664757415079904e+00
7.339999999999999858e-01,-1.182206632225438536e+00,-4.664170985517391843e-01,7.339999999999999858e-01,9.146237307771776237e-01,7.157895336736993519e-01,1.652989385936025180e+00
7.345000000000000417e-01,-1.182579683154771688e+00,-4.663424680024291780e-01,7.344999999999997087e-01,9.144221511572008243e-01,7.162372151523425101e-01,1.647318705431694896e+00
7.349999999999999867e-01,-1.182953973539998538e+00,-4.662679028455603003e-01,7.349999999999996536e-01,9.142218763855587405e-01,7.166860706944382375e-01,1.641652837300402901e+00
7.355000000000000426e-01,-1.183329500407254375e+00,-4.661934071704221805e-01,7.355000000000000426e-01,9.140229075776769019e-01,7.171360932368322505e-01,1.635991901717089858e+00
7.359999999999999876e-01,-1.183706260786446141e+00,-4.661189850582930783e-01,7.359999999999998765e-01,9.138252458447385651e-01,7.175872757281530623e-01,1.630336017636030865e+00
7.365000000000000435e-01,-1.184084251711303049e+00,-4.660446405823586158e-01,7.365000000000001545e-01,9.136288922936611767e-01,7.180396111289444327e-01,1.624685302793658748e+00
7.369999999999999885e-01,-1.184463470219435877e+00,-4.659703778076349501e-01,7.369999999999998774e-01,9.134338480270707272e-01,7.184930924118009266e-01,1.619039873711489053e+00
7.375000000000000444e-01,-1.184843913352386258e+00,-4.658962007908878378e-01,7.374999999999997113e-01,9.132401141432735514e-01,7.189477125614984754e-01,1.613399845699142965e+00
7.379999999999999893e-01,-1.185225578155681081e+00,-4.658221135805570845e-01,7.379999999999997673e-01,9.130476917362386757e-01,7.194034645751239410e-01,1.607765332857505003e+00
7.385000000000000453e-01,-1.185608461678885783e+00,-4.657481202166792178e-01,7.384999999999999343e-01,9.128565818955657329e-01,7.198603414622065655e-01,1.602136448081937781e+00
7.389999999999999902e-01,-1.185992560975654087e+00,-4.656742247308102711e-01,7.390000000000001013e-01,9.126667857064642009e-01,7.203183362448437599e-01,1.596513303065656197e+00
7.395000000000000462e-01,-1.186377873103777958e+00,-4.656004311459507883e-01,7.394999999999996021e-01,9.124783042497288665e-01,7.207774419578272251e-01,1.590896008303154696e+00
7.399999999999999911e-01,-1.186764395125240679e+00,-4.655267434764724932e-01,7.399999999999996581e-01,9.122911386017135138e-01,7.212376516487681855e-01,1.585284673093760199e+00
7.405000000000000471e-01,-1.187152124106265472e+00,-4.654531657280425727e-01,7.405000000000001581e-01,9.121052898343073867e-01,7.216989583782229545e-01,1.579679405545249216e+00
7.409999999999999920e-01,-1.187541057117361465e+00,-4.653797018975479594e-01,7.409999999999998810e-01,9.119207590149100984e-01,7.221613552198135055e-01,1.574080312577603058e+00
7.415000000000000480e-01,-1.187931191233376760e+00,-4.653063559730279963e-01,7.414999999999999369e-01,9.117375472064049857e-01,7.226248352603488190e-01,1.568487499926820794e+00
7.419999999999999929e-01,-1.188322523533542174e+00,-4.652331319335986648e-01,7.419999999999997708e-01,9.115556554671410128e-01,7.230893915999434540e-01,1.562901072148837667e+00
7.425000000000000488e-01,-1.188715051101520093e+00,-4.651600337493801418e-01,7.424999999999999378e-01,9.113750848509005742e-01,7.235550173521398953e-01,1.557321132623516791e+00
7.429999999999999938e-01,-1.189108771025450428e+00,-4.650870653814297984e-01,7.430000000000001048e-01,9.111958364068796223e-01,7.240217056440205745e-01,1.551747783558753424e+00
7.435000000000000497e-01,-1.189503680397996144e+00,-4.650142307816669263e-01,7.434999999999998277e-01,9.110179111796629092e-01,7.244894496163292175e-01,1.546181125994630756e+00
7.439999999999999947e-01,-1.189899776316388991e+00,-4.649415338928098995e-01,7.439999999999998836e-01,9.108413102091984515e-01,7.249582424235790912e-01,1.540621259807695376e+00
7.445000000000000506e-01,-1.190297055882473032e+00,-4.648689786482999575e-01,7.444999999999997176e-01,9.106660345307726612e-01,7.254280772341730188e-01,1.535068283715270043e+00
7.449999999999999956e-01,-1.190695516202749715e+00,-4.647965689722399762e-01,7.449999999999998845e-01,9.104920851749899180e-01,7.258989472305097390e-01,1.529522295279889477e+00
7.455000000000000515e-01,-1.191095154388420951e+00,-4.647243087793213046e-01,7.454999999999999405e-01,9.103194631677422599e-01,7.263708456090995913e-01,1.523983390913775215e+00
7.459999999999999964e-01,-1.191495967555429969e+00,-4.646522019747609256e-01,7.459999999999999964e-01,9.101481695301906205e-01,7.268437655806689879e-01,1.518451665883420176e+00
7.465000000000000524e-01,-1.191897952824505502e+00,-4.645802524542329559e-01,7.464999999999999414e-01,9.099782052787385167e-01,7.273177003702725463e-01,1.512927214314217839e+00
7.469999999999999973e-01,-1.192301107321203535e+00,-4.645084641038048079e-01,7.470000000000001084e-01,9.098095714250075128e-01,7.277926432173986715e-01,1.507410129195178250e+00
7.475000000000000533e-01,-1.192705428175945048e+00,-4.644368407998707426e-01,7.475000000000000533e-01,9.096422689758160152e-01,7.282685873760743611e-01,1.501900502383706870e+00
7.479999999999999982e-01,-1.193110912524061096e+00,-4.643653864090885874e-01,7.479999999999996652e-01,9.094762989331498515e-01,7.287455261149724528e-01,1.496398424610463351e+00
7.485000000000000542e-01,-1.193517557505827220e+00,-4.642941047883171191e-01,7.484999999999997211e-01,9.093116622941445071e-01,7.292234527175101011e-01,1.490903985484272942e+00
7.489999999999999991e-01,-1.193925360266506530e+00,-4.642229997845500056e-01,7.489999999999998881e-01,9.091483600510560370e-01,7.297023604819565801e-01,1.485417273497108726e+00
7.495000000000000551e-01,-1.194334317956386116e+00,-4.641520752348580192e-01,7.494999999999997220e-01,9.089863931912444128e-01,7.301822427215280964e-01,1.479938376029143576e+00
7.500000000000000000e-01,-1.194744427730816128e+00,-4.640813349663241438e-01,7.500000000000000000e-01,9.088257626971399938e-01,7.306630927644919282e-01,1.474467379353845864e+00
7.505000000000000560e-01,-1.195155686750246637e+00,-4.640107827959818465e-01,7.505000000000001670e-01,9.086664695462283170e-01,7.311449039542647910e-01,1.469004368643139102e+00
7.510000000000000009e-01,-1.195568092180262498e+00,-4.639404225307593999e-01,7.510000000000001119e-01,9.085085147110221193e-01,7.316276696495030984e-01,1.463549427972666184e+00
7.515000000000000568e-01,-1.195981641191624423e+00,-4.638702579674147675e-01,7.515000000000002789e-01,9.083518991590384672e-01,7.321113832242096553e-01,1.458102640327008537e+00
7.520000000000000018e-01,-1.196396330960298515e+00,-4.638002928924806478e-01,7.520000000000001128e-01,9.081966238527787727e-01,7.325960380678178119e-01,1.452664087605081589e+00
7.525000000000000577e-01,-1.196812158667495574e+00,-4.637305310822029125e-01,7.525000000000001688e-01,9.080426897496987060e-01,7.330816275852927166e-01,1.447233850625474050e+00
7.530000000000000027e-01,-1.197229121499705062e+00,-4.636609763024855391e-01,7.529999999999998916e-01,9.078900978021904322e-01,7.335681451972195788e-01,1.441812009131919092e+00
7.535000000000000586e-01,-1.197647216648726420e+00,-4.635916323088314361e-01,7.534999999999997256e-01,9.077388489575578534e-01,7.340555843398950397e-01,1.436398641798771969e+00
7.540000000000000036e-01,-1.198066441311705255e+00,-4.635225028462874874e-01,7.540000000000002256e-01,9.075889441579921835e-01,7.345439384654177672e-01,1.430993826236554023e+00
7.545000000000000595e-01,-1.198486792691165093e+00,-4.634535916493864871e-01,7.545000000000001705e-01,9.074403843405511871e-01,7.350332010417786055e-01,1.425597638997522454e+00
7.550000000000000044e-01,-1.198908267995039578e+00,-4.633849024420937379e-01,7.550000000000001155e-01,9.072931704371339778e-01,7.355233655529458403e-01,1.420210155581322464e+00
7.555000000000000604e-01,-1.199330864436703781e+00,-4.633164389377526504e-01,7.554999999999998384e-01,9.071473033744565928e-01,7.360144254989511303e-01,1.414831450440648952e+00
7.560000000000000053e-01,-1.199754579235005947e+00,-4.632482048390284546e-01,7.559999999999998943e-01,9.070027840740347846e-01,7.365063743959774367e-01,1.409461596986967935e+00
7.565000000000000613e-01,-1.200179409614299253e+00,-4.631802038378572406e-01,7.565000000000003944e-01,9.068596134521565988e-01,7.369992057764420679e-01,1.404100667596257512e+00
7.570000000000000062e-01,-1.200605352804467785e+00,-4.631124396153901701e-01,7.569999999999998952e-01,9.067177924198581707e-01,7.374929131890776146e-01,1.398748733614831652e+00
7.575000000000000622e-01,-1.201032406040961398e+00,-4.630449158419455702e-01,7.575000000000001732e-01,9.065773218829066282e-01,7.379874901990157721e-01,1.393405865365157315e+00
7.580000000000000071e-01,-1.201460566564822141e+00,-4.629776361769525339e-01,7.579999999999997851e-01,9.064382027417744458e-01,7.384829303878696072e-01,1.388072132151720428e+00
7.585000000000000631e-01,-1.201889831622711124e+00,-4.629106042689037359e-01,7.584999999999999520e-01,9.063004358916140202e-01,7.389792273538073886e-01,1.382747602266953368e+00
7.590000000000000080e-01,-1.202320198466938717e+00,-4.628438237553026413e-01,7.590000000000003411e-01,9.061640222222419050e-01,7.394763747116360753e-01,1.377432342997159553e+00
7.595000000000000639e-01,-1.202751664355493855e+00,-4.627772982626141562e-01,7.595000000000000639e-01,9.060289626181079470e-01,7.399743660928796984e-01,1.372126420628472010e+00
7.600000000000000089e-01,-1.203184226552065805e+00,-4.627110314062165553e-01,7.600000000000001199e-01,9.058952579582820741e-01,7.404731951458491945e-01,1.366829900452888991e+00
7.605000000000000648e-01,-1.203617882326074806e+00,-4.626450267903512992e-01,7.605000000000001759e-01,9.057629091164258739e-01,7.409728555357235624e-01,1.361542846774280280e+00
7.610000000000000098e-01,-1.204052628952695825e+00,-4.625792880080765168e-01,7.610000000000001208e-01,9.056319169607719433e-01,7.414733409446192525e-01,1.356265322914463001e+00
7.615000000000000657e-01,-1.204488463712886537e+00,-4.625138186412171004e-01,7.615000000000001767e-01,9.055022823541031274e-01,7.419746450716694364e-01,1.350997391219270538e+00
7.620000000000000107e-01,-1.204925383893407975e+00,-4.624486222603216845e-01,7.620000000000000107e-01,9.053740061537290940e-01,7.424767616330862907e-01,1.345739113064696513e+00
7.625000000000000666e-01,-1.205363386786853841e+00,-4.623837024246125194e-01,7.624999999999999556e-01,9.052470892114662382e-01,7.429796843622413771e-01,1.340490548862992348e+00
7.630000000000000115e-01,-1.205802469691670709e+00,-4.623190626819423943e-01,7.629999999999996785e-01,9.051215323736132579e-01,7.434834070097282588e-01,1.335251758068872752e+00
7.635000000000000675e-01,-1.206242629912183340e+00,-4.622547065687475643e-01,7.634999999999998455e-01,9.049973364809310583e-01,7.439879233434357753e-01,1.330022799185647919e+00
7.640000000000000124e-01,-1.206683864758617553e+00,-4.621906376100055613e-01,7.639999999999999014e-01,9.048745023686227684e-01,7.444932271486119912e-01,1.324803729771479199e+00
7.645000000000000684e-01,-1.207126171547121096e+00,-4.621268593191886209e-01,7.645000000000001794e-01,9.047530308663096488e-01,7.449993122279324753e-01,1.319594606445558149e+00
7.650000000000000133e-01,-1.207569547599788073e+00,-4.620633751982223814e-01,7.650000000000001243e-01,9.046329227980101084e-01,7.455061724015656921e-01,1.314395484894375299e+00
7.655000000000000693e-01,-1.208013990244679148e+00,-4.620001887374401983e-01,7.655000000000001803e-01,9.045141789821190548e-01,7.460138015072389495e-01,1.309206419877952055e+00
7.660000000000000142e-01,-1.208459496815841971e+00,-4.619373034155467295e-01,7.659999999999997922e-01,9.043968002313889087e-01,7.465221934002952420e-01,1.304027465236150540e+00
7.665000000000000702e-01,-1.208906064653334056e+00,-4.618747226995689181e-01,7.664999999999999591e-01,9.042807873529026264e-01,7.470313419537650823e-01,1.298858673894922378e+00
7.670000000000000151e-01,-1.209353691103238759e+00,-4.618124500448204106e-01,7.669999999999999041e-01,9.041661411480589328e-01,7.475412410584183487e-01,1.293700097872645172e+00
7.675000000000000711e-01,-1.209802373517690821e+00,-4.617504888948573138e-01,7.675000000000000711e-01,9.040528624125482304e-01,7.480518846228334517e-01,1.288551788286400379e+00
7.680000000000000160e-01,-1.210252109254890573e+00,-4.616888426814408364e-01,7.679999999999999050e-01,9.039409519363307277e-01,7.485632665734497371e-01,1.283413795358333775e+00
7.684999999999999609e-01,-1.210702895679123925e+00,-4.616275148244969317e-01,7.684999999999999609e-01,9.038304105036207847e-01,7.490753808546269932e-01,1.278286168421976399e+00
7.690000000000000169e-01,-1.211154730160782345e+00,-4.615665087320766080e-01,7.689999999999999059e-01,9.037212388928587137e-01,7.495882214287057366e-01,1.273168955928581925e+00
7.694999999999999618e-01,-1.211607610076379515e+00,-4.615058278003189574e-01,7.695000000000000728e-01,9.036134378766983444e-01,7.501017822760605025e-01,1.268062205453493574e+00
7.700000000000000178e-01,-1.212061532808568876e+00,-4.614454754134110770e-01,7.699999999999997957e-01,9.035070082219801568e-01,7.506160573951577986e-01,1.262965963702494365e+00
7.704999999999999627e-01,-1.212516495746160050e+00,-4.613854549435544294e-01,7.705000000000000737e-01,9.034019506897140728e-01,7.511310408026056207e-01,1.257880276518185569e+00
7.710000000000000187e-01,-1.212972496284137058e+00,-4.613257697509238753e-01,7.710000000000001297e-01,9.032982660350604709e-01,7.516467265332131831e-01,1.252805188886341625e+00
7.714999999999999636e-01,-1.213429531823671192e+00,-4.612664231836356432e-01,7.715000000000000746e-01,9.031959550073074272e-01,7.521631086400355493e-01,1.247740744942311908e+00
7.720000000000000195e-01,-1.213887599772142112e+00,-4.612074185777073065e-01,7.719999999999999085e-01,9.030950183498495099e-01,7.526801811944348053e-01,1.242686987977359436e+00
7.724999999999999645e-01,-1.214346697543147613e+00,-4.611487592570272520e-01,7.724999999999999645e-01,9.029954568001743453e-01,7.531979382861203609e-01,1.237643960445088176e+00
7.730000000000000204e-01,-1.214806822556521171e+00,-4.610904485333159331e-01,7.729999999999999094e-01,9.028972710898369725e-01,7.537163740232052378e-01,1.232611703967795069e+00
7.734999999999999654e-01,-1.215267972238346372e+00,-4.610324897060951721e-01,7.735000000000000764e-01,9.028004619444411905e-01,7.542354825322512557e-01,1.227590259342864476e+00
7.740000000000000213e-01,-1.215730144020970682e+00,-4.609748860626521338e-01,7.740000000000000213e-01,9.027050300836227947e-01,7.547552579583185484e-01,1.222579666549149291e+00
7.744999999999999662e-01,-1.216193335343018989e+00,-4.609176408780079059e-01,7.745000000000000773e-01,9.026109762210268173e-01,7.552756944650110826e-01,1.217579964753348509e+00
7.750000000000000222e-01,-1.216657543649406259e+00,-4.608607574148838038e-01,7.750000000000001332e-01,9.025183010642899850e-01,7.557967862345225107e-01,1.212591192316390565e+00
7.754999999999999671e-01,-1.217122766391351529e+00,-4.608042389236705616e-01,7.754999999999998561e-01,9.024270053150224014e-01,7.563185274676809122e-01,1.207613386799813560e+00
7.760000000000000231e-01,-1.217589001026390338e+00,-4.607480886423962474e-01,7.760000000000001341e-01,9.023370896687864517e-01,7.568409123839940911e-01,1.202646584972120847e+00
7.764999999999999680e-01,-1.218056245018384054e+00,-4.606923097966951208e-01,7.764999999999999680e-01,9.022485548150794843e-01,7.573639352216889886e-01,1.197690822815171696e+00
7.770000000000000240e-01,-1.218524495837536525e+00,-4.606369055997775463e-01,7.769999999999999130e-01,9.021614014373146029e-01,7.578875902377589791e-01,1.192746135530520224e+00
7.774999999999999689e-01,-1.218993750960399858e+00,-4.605818792524010719e-01,7.775000000000000799e-01,9.020756302128007942e-01,7.584118717079988414e-01,1.187812557545792735e+00
7.780000000000000249e-01,-1.219464007869889510e+00,-4.605272339428372885e-01,7.780000000000000249e-01,9.019912418127269405e-01,7.589367739270522772e-01,1.182890122521003562e+00
7.784999999999999698e-01,-1.219935264055292734e+00,-4.604729728468485161e-01,7.785000000000000808e-01,9.019082369021411694e-01,7.594622912084442179e-01,1.177978863354937289e+00
7.790000000000000258e-01,-1.220407517012279230e+00,-4.604190991276542744e-01,7.789999999999999147e-01,9.018266161399330905e-01,7.599884178846250116e-01,1.173078812191444831e+00
7.794999999999999707e-01,-1.220880764242910033e+00,-4.603656159359072464e-01,7.794999999999998597e-01,9.017463801788174749e-01,7.605151483070027307e-01,1.168190000425790798e+00
7.800000000000000266e-01,-1.221355003255649274e+00,-4.603125264096625813e-01,7.799999999999999156e-01,9.016675296653114957e-01,7.610424768459866929e-01,1.163312458710936470e+00
7.804999999999999716e-01,-1.221830231565370184e+00,-4.602598336743537466e-01,7.804999999999999716e-01,9.015900652397236259e-01,7.615703978910164373e-01,1.158446216963875619e+00
7.810000000000000275e-01,-1.222306446693365745e+00,-4.602075408427642178e-01,7.809999999999999165e-01,9.015139875361301014e-01,7.620989058506015823e-01,1.153591304371898829e+00
7.814999999999999725e-01,-1.222783646167356686e+00,-4.601556510150017765e-01,7.814999999999998614e-01,9.014392971823584899e-01,7.626279951523549094e-01,1.148747749398877138e+00
7.820000000000000284e-01,-1.223261827521497924e+00,-4.601041672784751402e-01,7.820000000000000284e-01,9.013659947999729249e-01,7.631576602430227840e-01,1.143915579791537240e+00
7.824999999999999734e-01,-1.223740988296389887e+00,-4.600530927078650967e-01,7.825000000000000844e-01,9.012940810042546769e-01,7.636878955885247899e-01,1.139094822585692501e+00
7.830000000000000293e-01,-1.224221126039080287e+00,-4.600024303651035207e-01,7.829999999999999183e-01,9.012235564041832792e-01,7.642186956739767112e-01,1.134285504112498622e+00
7.834999999999999742e-01,-1.224702238303075896e+00,-4.599521832993478387e-01,7.835000000000000853e-01,9.011544216024235388e-01,7.647500550037280576e-01,1.129487650004665777e+00
7.840000000000000302e-01,-1.225184322648346980e+00,-4.599023545469580476e-01,7.840000000000001412e-01,9.010866771953047749e-01,7.652819681013889319e-01,1.124701285202669432e+00
7.844999999999999751e-01,-1.225667376641333295e+00,-4.598529471314721229e-01,7.844999999999997531e-01,9.010203237728043879e-01,7.658144295098612275e-01,1.119926433960935830e+00
7.850000000000000311e-01,-1.226151397854950753e+00,-4.598039640635864789e-01,7.849999999999999201e-01,9.009553619185370898e-01,7.663474337913642742e-01,1.115163119854028384e+00
7.854999999999999760e-01,-1.226636383868596969e+00,-4.597554083411296566e-01,7.855000000000000870e-01,9.008917922097265940e-01,7.668809755274672568e-01,1.110411365782784099e+00
7.860000000000000320e-01,-1.227122332268155702e+00,-4.597072829490447821e-01,7.860000000000000320e-01,9.008296152171999527e-01,7.674150493191109756e-01,1.105671193980474643e+00
7.864999999999999769e-01,-1.227609240646001965e+00,-4.596595908593657520e-01,7.864999999999998659e-01,9.007688315053683503e-01,7.679496497866362681e-01,1.100942626018917680e+00
7.870000000000000329e-01,-1.228097106601008903e+00,-4.596123350311976385e-01,7.870000000000001439e-01,9.007094416322063424e-01,7.684847715698113202e-01,1.096225682814570890e+00
7.874999999999999778e-01,-1.228585927738547134e+00,-4.595655184106953173e-01,7.874999999999998668e-01,9.006514461492419743e-01,7.690204093278518727e-01,1.091520384634638186e+00
7.880000000000000338e-01,-1.229075701670494070e+00,-4.595191439310459813e-01,7.879999999999999227e-01,9.005948456015400172e-01,7.695565577394480883e-01,1.086826751103106448e+00
7.884999999999999787e-01,-1.229566426015233915e+00,-4.594732145124463818e-01,7.884999999999999787e-01,9.005396405276798744e-01,7.700932115027875335e-01,1.082144801206807117e+00
7.890000000000000346e-01,-1.230058098397663224e+00,-4.594277330620865074e-01,7.890000000000001457e-01,9.004858314597495861e-01,7.706303653355767169e-01,1.077474553301428495e+00
7.894999999999999796e-01,-1.230550716449192450e+00,-4.593827024741305998e-01,7.894999999999998685e-01,9.004334189233234031e-01,7.711680139750618501e-01,1.072816025117525385e+00
7.900000000000000355e-01,-1.231044277807748388e+00,-4.593381256296988902e-01,7.900000000000000355e-01,9.003824034374473539e-01,7.717061521780494981e-01,1.068169233766495418e+00
7.904999999999999805e-01,-1.231538780117779730e+00,-4.592940053968493919e-01,7.904999999999998694e-01,9.003327855146286973e-01,7.722447747209303381e-01,1.063534195746525857e+00
7.910000000000000364e-01,-1.232034221030254617e+00,-4.592503446305620796e-01,7.910000000000001474e-01,9.002845656608163827e-01,7.727838763996925930e-01,1.058910926948546161e+00
7.914999999999999813e-01,-1.232530598202666194e+00,-4.592071461727205706e-01,7.915000000000000924e-01,9.002377443753861730e-01,7.733234520299456793e-01,1.054299442662128827e+00
7.920000000000000373e-01,-1.233027909299032832e+00,-4.591644128520981361e-01,7.920000000000001483e-01,9.001923221511305417e-01,7.738634964469346400e-01,1.049699757581375126e+00
7.924999999999999822e-01,-1.233526151989897901e+00,-4.591221474843398820e-01,7.924999999999999822e-01,9.001482994742380228e-01,7.744040045055580190e-01,1.045111885810793284e+00
7.930000000000000382e-01,-1.234025323952335329e+00,-4.590803528719480386e-01,7.929999999999999272e-01,9.001056768242833295e-01,7.749449710803872904e-01,1.040535840871119388e+00
7.934999999999999831e-01,-1.234525422869944045e+00,-4.590390318042674722e-01,7.935000000000000941e-01,9.000644546742118113e-01,7.754863910656766279e-01,1.035971635705153382e+00
7.940000000000000391e-01,-1.235026446432853975e+00,-4.589981870574700307e-01,7.940000000000000391e-01,9.000246334903241330e-01,7.760282593753839997e-01,1.031419282683533556e+00
7.944999999999999840e-01,-1.235528392337722492e+00,-4.589578213945418872e-01,7.944999999999998730e-01,8.999862137322648392e-01,7.765705709431806048e-01,1.026878793610514817e+00
7.950000000000000400e-01,-1.236031258287737300e+00,-4.589179375652691628e-01,7.950000000000001510e-01,8.999491958530062563e-01,7.771133207224680817e-01,1.022350179729698993e+00
7.954999999999999849e-01,-1.236535041992612882e+00,-4.588785383062237155e-01,7.954999999999998739e-01,8.999135802988362798e-01,7.776565036863891667e-01,1.017833451729752703e+00
7.960000000000000409e-01,-1.237039741168592499e+00,-4.588396263407524267e-01,7.959999999999999298e-01,8.998793675093454958e-01,7.782001148278401281e-01,1.013328619750094806e+00
7.964999999999999858e-01,-1.237545353538447301e+00,-4.588012043789633787e-01,7.964999999999999858e-01,8.998465579174107498e-01,7.787441491594839782e-01,1.008835693386561205e+00
7.970000000000000417e-01,-1.238051876831472775e+00,-4.587632751177135870e-01,7.969999999999999307e-01,8.998151519491862649e-01,7.792886017137592436e-01,1.004354681697031459e+00
7.974999999999999867e-01,-1.238559308783489188e+00,-4.587258412405986752e-01,7.975000000000000977e-01,8.997851500240879874e-01,7.798334675428905127e-01,9.998855932070435104e-01
7.980000000000000426e-01,-1.239067647136840478e+00,-4.586889054179406622e-01,7.980000000000000426e-01,8.997565525547810417e-01,7.803787417188998710e-01,9.954284359153675599e-01
7.984999999999999876e-01,-1.239576889640392032e+00,-4.586524703067770825e-01,7.985000000000000986e-01,8.997293599471687386e-01,7.809244193336148943e-01,9.909832172995562960e-01
7.990000000000000435e-01,-1.240087034049526027e+00,-4.586165385508527703e-01,7.990000000000001545e-01,8.997035726003785872e-01,7.814704954986733121e-01,9.865499443214812425e-01
7.994999999999999885e-01,-1.240598078126142756e+00,-4.585811127806062593e-01,7.994999999999996554e-01,8.996791909067489712e-01,7.820169653455364411e-01,9.821286234328125975e-01
8.000000000000000444e-01,-1.241110019638656414e+00,-4.585461956131635097e-01,8.000000000000001554e-01,8.996562152518197131e-01,7.825638240254928490e-01,9.777192605804921888e-01
8.004999999999999893e-01,-1.241622856361991989e+00,-4.585117896523268621e-01,8.004999999999999893e-01,8.996346460143181956e-01,7.831110667096651268e-01,9.733218612121748992e-01
8.010000000000000453e-01,-1.242136586077582594e+00,-4.584778974885683200e-01,8.010000000000001563e-01,8.996144835661499251e-01,7.836586885890142185e-01,9.689364302816357855e-01
8.014999999999999902e-01,-1.242651206573365696e+00,-4.584445216990169492e-01,8.015000000000001013e-01,8.995957282723825443e-01,7.842066848743487473e-01,9.645629722541453344e-01
8.020000000000000462e-01,-1.243166715643780895e+00,-4.584116648474568789e-01,8.020000000000002682e-01,8.995783804912376169e-01,7.847550507963240163e-01,9.602014911118251783e-01
8.024999999999999911e-01,-1.243683111089764370e+00,-4.583793294843151456e-01,8.024999999999998801e-01,8.995624405740793028e-01,7.853037816054492248e-01,9.558519903589712818e-01
8.030000000000000471e-01,-1.244200390718746663e+00,-4.583475181466567516e-01,8.030000000000001581e-01,8.995479088654027011e-01,7.858528725720899111e-01,9.515144730273360496e-01
8.034999999999999920e-01,-1.244718552344646678e+00,-4.583162333581755621e-01,8.034999999999998810e-01,8.995347857028218597e-01,7.864023189864710606e-01,9.471889416813977780e-01
8.040000000000000480e-01,-1.245237593787868802e+00,-4.582854776291914178e-01,8.040000000000001590e-01,8.995230714170604491e-01,7.869521161586774394e-01,9.428753984235876962e-01
8.044999999999999929e-01,-1.245757512875298234e+00,-4.582552534566423641e-01,8.044999999999999929e-01,8.995127663319403277e-01,7.875022594186558145e-01,9.385738448994894734e-01
8.050000000000000488e-01,-1.246278307440294553e+00,-4.582255633240767678e-01,8.049999999999999378e-01,8.995038707643714382e-01,7.880527441162177293e-01,9.342842823030105270e-01
8.054999999999999938e-01,-1.246799975322689047e+00,-4.581964097016526516e-01,8.054999999999998828e-01,8.994963850243410386e-01,7.886035656210363953e-01,9.300067113815263520e-01
8.060000000000000497e-01,-1.247322514368776947e+00,-4.581677950461280346e-01,8.060000000000000497e-01,8.994903094149052647e-01,7.891547193226489121e-01,9.257411324409750009e-01
8.064999999999999947e-01,-1.247845922431314980e+00,-4.581397218008603223e-01,8.065000000000001057e-01,8.994856442321752521e-01,7.897062006304547133e-01,9.214875453509492331e-01
8.070000000000000506e-01,-1.248370197369512269e+00,-4.581121923958006992e-01,8.070000000000001616e-01,8.994823897653129174e-01,7.902580049737115697e-01,9.172459495497374826e-01
8.074999999999999956e-01,-1.248895337049027443e+00,-4.580852092474893000e-01,8.074999999999998845e-01,8.994805462965167475e-01,7.908101278015381430e-01,9.130163440493374027e-01
8.080000000000000515e-01,-1.249421339341961090e+00,-4.580587747590541547e-01,8.080000000000001625e-01,8.994801141010151380e-01,7.913625645829069910e-01,9.087987274404389915e-01
8.084999999999999964e-01,-1.249948202126849761e+00,-4.580328913202050822e-01,8.085000000000002185e-01,8.994810934470542918e-01,7.919153108066446789e-01,9.045930978973819592e-01
8.090000000000000524e-01,-1.250475923288659974e+00,-4.580075613072349117e-01,8.090000000000001634e-01,8.994834845958944447e-01,7.924683619814250068e-01,9.003994531830701309e-01
8.094999999999999973e-01,-1.251004500718781554e+00,-4.579827870830129322e-01,8.095000000000001084e-01,8.994872878017944329e-01,7.930217136357686769e-01,8.962177906538649763e-01
8.100000000000000533e-01,-1.251533932315020081e+00,-4.579585709969868357e-01,8.100000000000000533e-01,8.994925033120066971e-01,7.935753613180331900e-01,8.920481072644438347e-01
8.104999999999999982e-01,-1.252064215981590678e+00,-4.579349153851784981e-01,8.104999999999998872e-01,8.994991313667696220e-01,7.941293005964121798e-01,8.878903995726221687e-01
8.110000000000000542e-01,-1.252595349629112009e+00,-4.579118225701847011e-01,8.110000000000001652e-01,8.995071721992964342e-01,7.946835270589273081e-01,8.837446637441465080e-01
8.114999999999999991e-01,-1.253127331174595627e+00,-4.578892948611731351e-01,8.114999999999998881e-01,8.995166260357688737e-01,7.952380363134224917e-01,8.796108955574607480e-01
8.120000000000000551e-01,-1.253660158541441527e+00,-4.578673345538870620e-01,8.120000000000001661e-01,8.995274930953285342e-01,7.957928239875544651e-01,8.754890904084343672e-01
8.125000000000000000e-01,-1.254193829659430159e+00,-4.578459439306395429e-01,8.125000000000000000e-01,8.995397735900694247e-01,7.963478857287906720e-01,8.713792433150541195e-01
8.130000000000000560e-01,-1.254728342464712654e+00,-4.578251252603179888e-01,8.129999999999999449e-01,8.995534677250309752e-01,7.969032172043946094e-01,8.672813489221021799e-01
8.135000000000000009e-01,-1.255263694899805715e+00,-4.578048807983822743e-01,8.135000000000001119e-01,8.995685756981874892e-01,7.974588141014233855e-01,8.631954015057760055e-01
8.140000000000000568e-01,-1.255799884913580522e+00,-4.577852127868661247e-01,8.140000000000000568e-01,8.995850977004464788e-01,7.980146721267143972e-01,8.591213949782964265e-01
8.145000000000000018e-01,-1.256336910461256284e+00,-4.577661234543792812e-01,8.145000000000001128e-01,8.996030339156352307e-01,7.985707870068770031e-01,8.550593228924781020e-01
8.150000000000000577e-01,-1.256874769504391587e+00,-4.577476150161075563e-01,8.150000000000001688e-01,8.996223845204990299e-01,7.991271544882840860e-01,8.510091784462588960e-01
8.155000000000000027e-01,-1.257413460010874839e+00,-4.577296896738161092e-01,8.154999999999998916e-01,8.996431496846912790e-01,7.996837703370587302e-01,8.469709544872152662e-01
8.160000000000000586e-01,-1.257952979954917394e+00,-4.577123496158518878e-01,8.160000000000001696e-01,8.996653295707686127e-01,8.002406303390654507e-01,8.429446435170183660e-01
8.165000000000000036e-01,-1.258493327317041777e+00,-4.576955970171427412e-01,8.165000000000000036e-01,8.996889243341847919e-01,8.007977302998989799e-01,8.389302376958901464e-01
8.170000000000000595e-01,-1.259034500084075248e+00,-4.576794340392066340e-01,8.170000000000001705e-01,8.997139341232818222e-01,8.013550660448686136e-01,8.349277288470007274e-01
8.175000000000000044e-01,-1.259576496249139366e+00,-4.576638628301499256e-01,8.175000000000001155e-01,8.997403590792888428e-01,8.019126334189894401e-01,8.309371084608477842e-01
8.180000000000000604e-01,-1.260119313811639774e+00,-4.576488855246717558e-01,8.180000000000000604e-01,8.997681993363113584e-01,8.024704282869680183e-01,8.269583676995950761e-01
8.185000000000000053e-01,-1.260662950777258651e+00,-4.576345042440695954e-01,8.184999999999998943e-01,8.997974550213281297e-01,8.030284465331890553e-01,8.229914974013877726e-01
8.190000000000000613e-01,-1.261207405157944716e+00,-4.576207210962419114e-01,8.190000000000001723e-01,8.998281262541859560e-01,8.035866840617027496e-01,8.190364880846208173e-01
8.195000000000000062e-01,-1.261752674971900579e+00,-4.576075381756937177e-01,8.194999999999998952e-01,8.998602131475945676e-01,8.041451367962069163e-01,8.150933299522014064e-01
8.200000000000000622e-01,-1.262298758243577179e+00,-4.575949575635411826e-01,8.200000000000001732e-01,8.998937158071184106e-01,8.047038006800359966e-01,8.111620128957457432e-01
8.205000000000000071e-01,-1.262845653003660029e+00,-4.575829813275178459e-01,8.205000000000000071e-01,8.999286343311778680e-01,8.052626716761421832e-01,8.072425264997714622e-01
8.210000000000000631e-01,-1.263393357289061880e+00,-4.575716115219766733e-01,8.210000000000001741e-01,8.999649688110382684e-01,8.058217457670852069e-01,8.033348600458347644e-01
8.215000000000000080e-01,-1.263941869142909846e+00,-4.575608501879006584e-01,8.215000000000001190e-01,9.000027193308104412e-01,8.063810189550091323e-01,7.994390025166601133e-01
8.220000000000000639e-01,-1.264491186614536522e+00,-4.575506993529052657e-01,8.220000000000000639e-01,9.000418859674415017e-01,8.069404872616312563e-01,7.955549426002174185e-01
8.225000000000000089e-01,-1.265041307759469102e+00,-4.575411610312475896e-01,8.225000000000001199e-01,9.000824687907166277e-01,8.075001467282214573e-01,7.916826686937787905e-01
8.230000000000000648e-01,-1.265592230639418503e+00,-4.575322372238309065e-01,8.230000000000001759e-01,9.001244678632491780e-01,8.080599934155876518e-01,7.878221689079325518e-01
8.235000000000000098e-01,-1.266143953322268478e+00,-4.575239299182133901e-01,8.234999999999998987e-01,9.001678832404825803e-01,8.086200234040550328e-01,7.839734310705792630e-01
8.240000000000000657e-01,-1.266696473882066298e+00,-4.575162410886151054e-01,8.239999999999999547e-01,9.002127149706810050e-01,8.091802327934511929e-01,7.801364427308767890e-01
8.245000000000000107e-01,-1.267249790399006759e+00,-4.575091726959255589e-01,8.245000000000000107e-01,9.002589630949320298e-01,8.097406177030812557e-01,7.763111911631868090e-01
8.250000000000000666e-01,-1.267803900959428631e+00,-4.575027266877113030e-01,8.250000000000001776e-01,9.003066276471395346e-01,8.103011742717173282e-01,7.724976633709385032e-01
8.255000000000000115e-01,-1.268358803655795786e+00,-4.574969049982249847e-01,8.255000000000001226e-01,9.003557086540204812e-01,8.108618986575708565e-01,7.686958460905150003e-01
8.260000000000000675e-01,-1.268914496586691421e+00,-4.574917095484147822e-01,8.260000000000002895e-01,9.004062061351052471e-01,8.114227870382766383e-01,7.649057257950685473e-01
8.265000000000000124e-01,-1.269470977856802074e+00,-4.574871422459306225e-01,8.265000000000003455e-01,9.004581201027320736e-01,8.119838356108715072e-01,7.611272886983240227e-01
8.270000000000000684e-01,-1.270028245576911186e+00,-4.574832049851355054e-01,8.270000000000001794e-01,9.005114505620468446e-01,8.125450405917756802e-01,7.573605207583365972e-01
8.275000000000000133e-01,-1.270586297863881775e+00,-4.574798996471165502e-01,8.274999999999996803e-01,9.005661975109984230e-01,8.131063982167652249e-01,7.536054076812460645e-01
8.280000000000000693e-01,-1.271145132840648673e+00,-4.574772280996914353e-01,8.279999999999999583e-01,9.006223609403400943e-01,8.136679047409571819e-01,7.498619349249562305e-01
8.285000000000000142e-01,-1.271704748636204751e+00,-4.574751921974199997e-01,8.285000000000000142e-01,9.006799408336240154e-01,8.142295564387846962e-01,7.461300877028250733e-01
8.290000000000000702e-01,-1.272265143385588715e+00,-4.574737937816148459e-01,8.289999999999999591e-01,9.007389371672031020e-01,8.147913496039738135e-01,7.424098509872938401e-01
8.295000000000000151e-01,-1.272826315229874661e+00,-4.574730346803523862e-01,8.294999999999999041e-01,9.007993499102273649e-01,8.153532805495222746e-01,7.387012095135081502e-01
8.300000000000000711e-01,-1.273388262316158315e+00,-4.574729167084836123e-01,8.299999999999998490e-01,9.008611790246419115e-01,8.159153456076746469e-01,7.350041477828853642e-01
8.305000000000000160e-01,-1.273950982797544373e+00,-4.574734416676444204e-01,8.305000000000003491e-01,9.009244244651892775e-01,8.164775411298998975e-01,7.313186500666719603e-01
8.310000000000000719e-01,-1.274514474833136290e+00,-4.574746113462674346e-01,8.310000000000001830e-01,9.009890861794036532e-01,8.170398634868688559e-01,7.276447004094543924e-01
8.315000000000000169e-01,-1.275078736588020512e+00,-4.574764275195959407e-01,8.314999999999999059e-01,9.010551641076162133e-01,8.176023090684245709e-01,7.239822826326519634e-01
8.320000000000000728e-01,-1.275643766233258036e+00,-4.574788919496943218e-01,8.320000000000001839e-01,9.011226581829521187e-01,8.181648742835636590e-01,7.203313803379627345e-01
8.325000000000000178e-01,-1.276209561945866877e+00,-4.574820063854589947e-01,8.325000000000000178e-01,9.011915683313254100e-01,8.187275555604078825e-01,7.166919769108001104e-01
8.329999999999999627e-01,-1.276776121908812733e+00,-4.574857725626339522e-01,8.329999999999996296e-01,9.012618944714470004e-01,8.192903493461787257e-01,7.130640555236807954e-01
8.335000000000000187e-01,-1.277343444310996778e+00,-4.574901922038229207e-01,8.335000000000001297e-01,9.013336365148191254e-01,8.198532521071738577e-01,7.094475991395909897e-01
8.339999999999999636e-01,-1.277911527347238119e+00,-4.574952670185007952e-01,8.340000000000000746e-01,9.014067943657387838e-01,8.204162603287372679e-01,7.058425905153236091e-01
8.345000000000000195e-01,-1.278480369218267132e+00,-4.575009987030301817e-01,8.344999999999999085e-01,9.014813679212971831e-01,8.209793705152369503e-01,7.022490122047783112e-01
8.349999999999999645e-01,-1.279049968130705706e+00,-4.575073889406723882e-01,8.349999999999999645e-01,9.015573570713780738e-01,8.215425791900332619e-01,6.986668465622422053e-01
8.355000000000000204e-01,-1.279620322297060131e+00,-4.575144394016031346e-01,8.354999999999996874e-01,9.016347616986634117e-01,8.221058828954570519e-01,6.950960757456267070e-01
8.359999999999999654e-01,-1.280191429935703340e+00,-4.575221517429258755e-01,8.360000000000000764e-01,9.017135816786288061e-01,8.226692781927774645e-01,6.915366817196920701e-01
8.365000000000000213e-01,-1.280763289270864247e+00,-4.575305276086883977e-01,8.365000000000000213e-01,9.017938168795521792e-01,8.232327616621758493e-01,6.879886462592247343e-01
8.369999999999999662e-01,-1.281335898532613315e+00,-4.575395686298946440e-01,8.370000000000000773e-01,9.018754671625073271e-01,8.237963299027186714e-01,6.844519509521996836e-01
8.375000000000000222e-01,-1.281909255956848348e+00,-4.575492764245219224e-01,8.374999999999999112e-01,9.019585323813702482e-01,8.243599795323264257e-01,6.809265772029055031e-01
8.379999999999999671e-01,-1.282483359785282717e+00,-4.575596525975371143e-01,8.379999999999998561e-01,9.020430123828205859e-01,8.249237071877455474e-01,6.774125062350433435e-01
8.385000000000000231e-01,-1.283058208265431599e+00,-4.575706987409098314e-01,8.385000000000001341e-01,9.021289070063409632e-01,8.254875095245217675e-01,6.739097190947874738e-01
8.389999999999999680e-01,-1.283633799650595542e+00,-4.575824164336289579e-01,8.389999999999997460e-01,9.022162160842245315e-01,8.260513832169665838e-01,6.704181966538432791e-01
8.395000000000000240e-01,-1.284210132199849808e+00,-4.575948072417205248e-01,8.394999999999999130e-01,9.023049394415705304e-01,8.266153249581292828e-01,6.669379196124400888e-01
8.399999999999999689e-01,-1.284787204178030384e+00,-4.576078727182628092e-01,8.400000000000000799e-01,9.023950768962929470e-01,8.271793314597675195e-01,6.634688685023223398e-01
8.405000000000000249e-01,-1.285365013855717331e+00,-4.576216144034020994e-01,8.404999999999998028e-01,9.024866282591195166e-01,8.277433994523152316e-01,6.600110236897044347e-01
8.409999999999999698e-01,-1.285943559509223677e+00,-4.576360338243738446e-01,8.409999999999998588e-01,9.025795933335970522e-01,8.283075256848497769e-01,6.565643653781995104e-01
8.415000000000000258e-01,-1.286522839420581654e+00,-4.576511324955129800e-01,8.415000000000001368e-01,9.026739719160953301e-01,8.288717069250686187e-01,6.531288736117041305e-01
8.419999999999999707e-01,-1.287102851877525378e+00,-4.576669119182770196e-01,8.419999999999998597e-01,9.027697637958023158e-01,8.294359399592483584e-01,6.497045282772839769e-01
8.425000000000000266e-01,-1.287683595173480189e+00,-4.576833735812620985e-01,8.424999999999999156e-01,9.028669687547420386e-01,8.300002215922180904e-01,6.462913091080068062e-01
8.429999999999999716e-01,-1.288265067607546666e+00,-4.577005189602193491e-01,8.429999999999997495e-01,9.029655865677659321e-01,8.305645486473273165e-01,6.428891956857589740e-01
8.435000000000000275e-01,-1.288847267484487524e+00,-4.577183495180753292e-01,8.434999999999999165e-01,9.030656170025626039e-01,8.311289179664121951e-01,6.394981674440279873e-01
8.439999999999999725e-01,-1.289430193114711853e+00,-4.577368667049500628e-01,8.440000000000000835e-01,9.031670598196613886e-01,8.316933264097617906e-01,6.361182036706722887e-01
8.445000000000000284e-01,-1.290013842814262457e+00,-4.577560719581731385e-01,8.445000000000000284e-01,9.032699147724349009e-01,8.322577708560893184e-01,6.327492835106385272e-01
8.449999999999999734e-01,-1.290598214904800312e+00,-4.577759667023068579e-01,8.449999999999998623e-01,9.033741816071074737e-01,8.328222482024933981e-01,6.293913859686806056e-01
8.455000000000000293e-01,-1.291183307713591688e+00,-4.577965523491611677e-01,8.454999999999999183e-01,9.034798600627524934e-01,8.333867553644305204e-01,6.260444899120222173e-01
8.459999999999999742e-01,-1.291769119573489721e+00,-4.578178302978165304e-01,8.460000000000000853e-01,9.035869498713062775e-01,8.339512892756731910e-01,6.227085740730275987e-01
8.465000000000000302e-01,-1.292355648822926861e+00,-4.578398019346403558e-01,8.465000000000001412e-01,9.036954507575668538e-01,8.345158468882865055e-01,6.193836170518012274e-01
8.469999999999999751e-01,-1.292942893805892224e+00,-4.578624686333095939e-01,8.469999999999997531e-01,9.038053624392019536e-01,8.350804251725826299e-01,6.160695973188083929e-01
8.475000000000000311e-01,-1.293530852871924042e+00,-4.578858317548289980e-01,8.475000000000001421e-01,9.039166846267532307e-01,8.356450211170950437e-01,6.127664932174320400e-01
8.479999999999999760e-01,-1.294119524376090569e+00,-4.579098926475527187e-01,8.479999999999998650e-01,9.040294170236433668e-01,8.362096317285379055e-01,6.094742829665240613e-01
8.485000000000000320e-01,-1.294708906678976756e+00,-4.579346526472029000e-01,8.485000000000002540e-01,9.041435593261804016e-01,8.367742540317738564e-01,6.061929446629200635e-01
8.489999999999999769e-01,-1.295298998146670488e+00,-4.579601130768936046e-01,8.489999999999998659e-01,9.042591112235642825e-01,8.373388850697769392e-01,6.029224562839392565e-01
8.495000000000000329e-01,-1.295889797150745926e+00,-4.579862752471480780e-01,8.494999999999999218e-01,9.043760723978940819e-01,8.379035219035978477e-01,5.996627956898442635e-01
8.499999999999999778e-01,-1.296481302068250407e+00,-4.580131404559233954e-01,8.499999999999998668e-01,9.044944425241734365e-01,8.384681616123270675e-01,5.964139406262909393e-01
8.505000000000000338e-01,-1.297073511281688685e+00,-4.580407099886287803e-01,8.504999999999999227e-01,9.046142212703177643e-01,8.390328012930599044e-01,5.931758687267359997e-01
8.509999999999999787e-01,-1.297666423179008710e+00,-4.580689851181495298e-01,8.509999999999997566e-01,9.047354082971581501e-01,8.395974380608591803e-01,5.899485575148338823e-01
8.515000000000000346e-01,-1.298260036153586094e+00,-4.580979671048676094e-01,8.514999999999997016e-01,9.048580032584534472e-01,8.401620690487184850e-01,5.867319844068015211e-01
8.519999999999999796e-01,-1.298854348604209452e+00,-4.581276571966855227e-01,8.520000000000000906e-01,9.049820058008944956e-01,8.407266914075239850e-01,5.835261267137622498e-01
8.525000000000000355e-01,-1.299449358935065746e+00,-4.581580566290452405e-01,8.525000000000000355e-01,9.051074155641107843e-01,8.412913023060204498e-01,5.803309616440538443e-01
8.529999999999999805e-01,-1.300045065555724300e+00,-4.581891666249543471e-01,8.529999999999996474e-01,9.052342321806785552e-01,8.418558989307699525e-01,5.771464663055314581e-01
8.535000000000000364e-01,-1.300641466881123032e+00,-4.582209883950074114e-01,8.535000000000001474e-01,9.053624552761303512e-01,8.424204784861155648e-01,5.739726177078283698e-01
8.539999999999999813e-01,-1.301238561331553356e+00,-4.582535231374068041e-01,8.539999999999998703e-01,9.054920844689596793e-01,8.429850381941466075e-01,5.708093927645965238e-01
8.545000000000000373e-01,-1.301836347332643751e+00,-4.582867720379906751e-01,8.545000000000001483e-01,9.056231193706338889e-01,8.435495752946531312e-01,5.676567682957320837e-01
8.549999999999999822e-01,-1.302434823315345991e+00,-4.583207362702516607e-01,8.549999999999999822e-01,9.057555595855972808e-01,8.441140870450942746e-01,5.645147210295672346e-01
8.555000000000000382e-01,-1.303033987715918940e+00,-4.583554169953620860e-01,8.554999999999999272e-01,9.058894047112809877e-01,8.446785707205568539e-01,5.613832276050405579e-01
8.559999999999999831e-01,-1.303633838975915671e+00,-4.583908153621968906e-01,8.559999999999998721e-01,9.060246543381130779e-01,8.452430236137187247e-01,5.582622645738429812e-01
8.565000000000000391e-01,-1.304234375542164592e+00,-4.584269325073621060e-01,8.565000000000000391e-01,9.061613080495269923e-01,8.458074430348024864e-01,5.551518084025488520e-01
8.569999999999999840e-01,-1.304835595866758347e+00,-4.584637695552121750e-01,8.569999999999996509e-01,9.062993654219706485e-01,8.463718263115461715e-01,5.520518354747088186e-01
8.575000000000000400e-01,-1.305437498407034713e+00,-4.585013276178803721e-01,8.575000000000001510e-01,9.064388260249152118e-01,8.469361707891542856e-01,5.489623220929319425e-01
8.579999999999999849e-01,-1.306040081625564175e+00,-4.585396077952970662e-01,8.579999999999996518e-01,9.065796894208614232e-01,8.475004738302671647e-01,5.458832444809378348e-01
8.585000000000000409e-01,-1.306643343990133932e+00,-4.585786111752212513e-01,8.585000000000001519e-01,9.067219551653550313e-01,8.480647328149126807e-01,5.428145787855886972e-01
8.589999999999999858e-01,-1.307247283973732355e+00,-4.586183388332623068e-01,8.589999999999999858e-01,9.068656228069943426e-01,8.486289451404700479e-01,5.397563010789032667e-01
8.595000000000000417e-01,-1.307851900054533667e+00,-4.586587918329032565e-01,8.594999999999997087e-01,9.070106918874368818e-01,8.491931082216304105e-01,5.367083873600347887e-01
8.599999999999999867e-01,-1.308457190715882179e+00,-4.586999712255304118e-01,8.600000000000003197e-01,9.071571619414123822e-01,8.497572194903517673e-01,5.336708135572441059e-01
8.605000000000000426e-01,-1.309063154446278965e+00,-4.587418780504551874e-01,8.605000000000002647e-01,9.073050324967339986e-01,8.503212763958237774e-01,5.306435555298352202e-01
8.609999999999999876e-01,-1.309669789739363432e+00,-4.587845133349412463e-01,8.609999999999996545e-01,9.074543030743047467e-01,8.508852764044221306e-01,5.276265890700784222e-01
8.615000000000000435e-01,-1.310277095093901334e+00,-4.588278780942319224e-01,8.614999999999999325e-01,9.076049731881334903e-01,8.514492169996694670e-01,5.246198899051101039e-01
8.619999999999999885e-01,-1.310885069013766557e+00,-4.588719733315735905e-01,8.619999999999996554e-01,9.077570423453400483e-01,8.520130956821929669e-01,5.216234336988063713e-01
8.625000000000000444e-01,-1.311493710007927804e+00,-4.589168000382435331e-01,8.624999999999999334e-01,9.079105100461716260e-01,8.525769099696842712e-01,5.186371960536376724e-01
8.629999999999999893e-01,-1.312103016590431714e+00,-4.589623591935775848e-01,8.630000000000002114e-01,9.080653757840093654e-01,8.531406573968540741e-01,5.156611525125092133e-01
8.635000000000000453e-01,-1.312712987280388655e+00,-4.590086517649937803e-01,8.635000000000003784e-01,9.082216390453823340e-01,8.537043355153948188e-01,5.126952785605636276e-01
8.639999999999999902e-01,-1.313323620601956510e+00,-4.590556787080211087e-01,8.640000000000001013e-01,9.083792993099777391e-01,8.542679418939354008e-01,5.097395496269814252e-01
8.645000000000000462e-01,-1.313934915084325805e+00,-4.591034409663271587e-01,8.645000000000000462e-01,9.085383560506524736e-01,8.548314741179986465e-01,5.067939410867465799e-01
8.649999999999999911e-01,-1.314546869261703499e+00,-4.591519394717446523e-01,8.649999999999998801e-01,9.086988087334483266e-01,8.553949297899587911e-01,5.038584282624010147e-01
8.655000000000000471e-01,-1.315159481673299435e+00,-4.592011751442976464e-01,8.655000000000001581e-01,9.088606568175972011e-01,8.559583065290017334e-01,5.009329864257657805e-01
8.659999999999999920e-01,-1.315772750863308138e+00,-4.592511488922309537e-01,8.660000000000001030e-01,9.090238997555387668e-01,8.565216019710771844e-01,4.980175907996629014e-01
8.665000000000000480e-01,-1.316386675380895710e+00,-4.593018616120370656e-01,8.665000000000001590e-01,9.091885369929331162e-01,8.570848137688586998e-01,4.951122165595923108e-01
8.669999999999999929e-01,-1.317001253780183401e+00,-4.593533141884835747e-01,8.669999999999999929e-01,9.093545679686670935e-01,8.576479395916998261e-01,4.922168388354087321e-01
8.675000000000000488e-01,-1.317616484620232953e+00,-4.594055074946426509e-01,8.674999999999999378e-01,9.095219921148749442e-01,8.582109771255903574e-01,4.893314327129648644e-01
8.679999999999999938e-01,-1.318232366465029060e+00,-4.594584423919169658e-01,8.679999999999998828e-01,9.096908088569453099e-01,8.587739240731120383e-01,4.864559732357470745e-01
8.685000000000000497e-01,-1.318848897883466931e+00,-4.595121197300711113e-01,8.685000000000002718e-01,9.098610176135377703e-01,8.593367781533958194e-01,4.835904354064801125e-01
8.689999999999999947e-01,-1.319466077449334307e+00,-4.595665403472584676e-01,8.689999999999996616e-01,9.100326177965928354e-01,8.598995371020758949e-01,4.807347941887213927e-01
8.695000000000000506e-01,-1.320083903741298137e+00,-4.596217050700494577e-01,8.695000000000001616e-01,9.102056088113474885e-01,8.604621986712486237e-01,4.778890245084258526e-01
8.699999999999999956e-01,-1.320702375342887258e+00,-4.596776147134615242e-01,8.700000000000001066e-01,9.103799900563481762e-01,8.610247606294256784e-01,4.750531012555062604e-01
8.705000000000000515e-01,-1.321321490842478408e+00,-4.597342700809880500e-01,8.705000000000001625e-01,9.105557609234661287e-01,8.615872207614903022e-01,4.722269992853575515e-01
8.709999999999999964e-01,-1.321941248833278681e+00,-4.597916719646270023e-01,8.710000000000002185e-01,9.107329207979054653e-01,8.621495768686516792e-01,4.694106934203831072e-01
8.715000000000000524e-01,-1.322561647913313765e+00,-4.598498211449107975e-01,8.714999999999997193e-01,9.109114690582247320e-01,8.627118267684029673e-01,4.666041584514744600e-01
8.719999999999999973e-01,-1.323182686685409060e+00,-4.599087183909358889e-01,8.719999999999998863e-01,9.110914050763445626e-01,8.632739682944732262e-01,4.638073691395031561e-01
8.725000000000000533e-01,-1.323804363757175251e+00,-4.599683644603937971e-01,8.724999999999998312e-01,9.112727282175684396e-01,8.638359992967814538e-01,4.610203002167724273e-01
8.729999999999999982e-01,-1.324426677740993430e+00,-4.600287600995964787e-01,8.729999999999998872e-01,9.114554378405902435e-01,8.643979176413969512e-01,4.582429263884583714e-01
8.735000000000000542e-01,-1.325049627254000661e+00,-4.600899060435121868e-01,8.734999999999999432e-01,9.116395332975124610e-01,8.649597212104884747e-01,4.554752223340333694e-01
8.739999999999999991e-01,-1.325673210918071110e+00,-4.601518030157912276e-01,8.739999999999998881e-01,9.118250139338628379e-01,8.655214079022799378e-01,4.527171627086722383e-01
8.745000000000000551e-01,-1.326297427359804715e+00,-4.602144517287986014e-01,8.744999999999999440e-01,9.120118790886032611e-01,8.660829756310061134e-01,4.499687221446386776e-01
8.750000000000000000e-01,-1.326922275210508539e+00,-4.602778528836444782e-01,8.750000000000000000e-01,9.122001280941525181e-01,8.666444223268641167e-01,4.472298752526554511e-01
8.755000000000000560e-01,-1.327547753106184114e+00,-4.603420071702130079e-01,8.754999999999999449e-01,9.123897602763975101e-01,8.672057459359711062e-01,4.445005966232544181e-01
8.760000000000000009e-01,-1.328173859687509895e+00,-4.604069152671946275e-01,8.760000000000003340e-01,9.125807749547044656e-01,8.677669444203153226e-01,4.417808608281146854e-01
8.765000000000000568e-01,-1.328800593599826385e+00,-4.604725778421171478e-01,8.764999999999998348e-01,9.127731714419431430e-01,8.683280157577092373e-01,4.390706424213794978e-01
8.770000000000000018e-01,-1.329427953493122594e+00,-4.605389955513754519e-01,8.769999999999998908e-01,9.129669490444973778e-01,8.688889579417471420e-01,4.363699159409565320e-01
8.775000000000000577e-01,-1.330055938022017603e+00,-4.606061690402633579e-01,8.775000000000001688e-01,9.131621070622805147e-01,8.694497689817541897e-01,4.336786559098037563e-01
8.780000000000000027e-01,-1.330684545845746802e+00,-4.606740989430056499e-01,8.779999999999998916e-01,9.133586447887531712e-01,8.700104469027412080e-01,4.309968368371964731e-01
8.785000000000000586e-01,-1.331313775628149010e+00,-4.607427858827892186e-01,8.785000000000001696e-01,9.135565615109382254e-01,8.705709897453597357e-01,4.283244332199767079e-01
8.790000000000000036e-01,-1.331943626037646045e+00,-4.608122304717930939e-01,8.790000000000000036e-01,9.137558565094390239e-01,8.711313955658529506e-01,4.256614195437919412e-01
8.795000000000000595e-01,-1.332574095747231180e+00,-4.608824333112226945e-01,8.794999999999999485e-01,9.139565290584535928e-01,8.716916624360084853e-01,4.230077702843103027e-01
8.800000000000000044e-01,-1.333205183434452490e+00,-4.609533949913401929e-01,8.800000000000001155e-01,9.141585784257920677e-01,8.722517884431122415e-01,4.203634599084259960e-01
8.805000000000000604e-01,-1.333836887781398639e+00,-4.610251160914962121e-01,8.805000000000000604e-01,9.143620038728943467e-01,8.728117716899024270e-01,4.177284628754416307e-01
8.810000000000000053e-01,-1.334469207474682007e+00,-4.610975971801629103e-01,8.809999999999998943e-01,9.145668046548450780e-01,8.733716102945190407e-01,4.151027536382466132e-01
8.815000000000000613e-01,-1.335102141205425585e+00,-4.611708388149668991e-01,8.815000000000001723e-01,9.147729800203920902e-01,8.739313023904586863e-01,4.124863066444633963e-01
8.820000000000000062e-01,-1.335735687669243887e+00,-4.612448415427188309e-01,8.819999999999998952e-01,9.149805292119630451e-01,8.744908461265250565e-01,4.098790963375982255e-01
8.825000000000000622e-01,-1.336369845566233616e+00,-4.613196058994489257e-01,8.824999999999999512e-01,9.151894514656828683e-01,8.750502396667847460e-01,4.072810971581528605e-01
8.830000000000000071e-01,-1.337004613600953462e+00,-4.613951324104384466e-01,8.829999999999997851e-01,9.153997460113917350e-01,8.756094811905150710e-01,4.046922835447449018e-01
8.835000000000000631e-01,-1.337639990482409669e+00,-4.614714215902508410e-01,8.834999999999999520e-01,9.156114120726602801e-01,8.761685688921587722e-01,4.021126299351978628e-01
8.840000000000000080e-01,-1.338275974924044043e+00,-4.615484739427688221e-01,8.840000000000001190e-01,9.158244488668122463e-01,8.767275009812751652e-01,3.995421107676219163e-01
8.845000000000000639e-01,-1.338912565643714636e+00,-4.616262899612226245e-01,8.845000000000000639e-01,9.160388556049376962e-01,8.772862756824919561e-01,3.969807004814753237e-01
8.850000000000000089e-01,-1.339549761363684199e+00,-4.617048701282256418e-01,8.849999999999996758e-01,9.162546314919097767e-01,8.778448912354586131e-01,3.944283735186177586e-01
8.855000000000000648e-01,-1.340187560810602196e+00,-4.617842149158081777e-01,8.854999999999999538e-01,9.164717757264098097e-01,8.784033458947939632e-01,3.918851043243464227e-01
8.860000000000000098e-01,-1.340825962715491038e+00,-4.618643247854501976e-01,8.859999999999998987e-01,9.166902875009412810e-01,8.789616379300408955e-01,3.893508673484171179e-01
8.865000000000000657e-01,-1.341464965813732091e+00,-4.619452001881120817e-01,8.864999999999999547e-01,9.169101660018438293e-01,8.795197656256199537e-01,3.868256370460457227e-01
8.870000000000000107e-01,-1.342104568845048140e+00,-4.620268415642727056e-01,8.870000000000000107e-01,9.171314104093206687e-01,8.800777272807753793e-01,3.843093878789103912e-01
8.875000000000000666e-01,-1.342744770553490508e+00,-4.621092493439612481e-01,8.874999999999999556e-01,9.173540198974512450e-01,8.806355212095292595e-01,3.818020943161245517e-01
8.880000000000000115e-01,-1.343385569687423509e+00,-4.621924239467898876e-01,8.880000000000003446e-01,9.175779936342127741e-01,8.811931457406336765e-01,3.793037308352045223e-01
8.885000000000000675e-01,-1.344026964999507801e+00,-4.622763657819891070e-01,8.885000000000000675e-01,9.178033307814965625e-01,8.817505992175187490e-01,3.768142719230184179e-01
8.890000000000000124e-01,-1.344668955246687725e+00,-4.623610752484403341e-01,8.889999999999996794e-01,9.180300304951279911e-01,8.823078799982473353e-01,3.743336920767298404e-01
8.895000000000000684e-01,-1.345311539190175765e+00,-4.624465527347142446e-01,8.895000000000001794e-01,9.182580919248897189e-01,8.828649864554615201e-01,3.718619658047163101e-01
8.900000000000000133e-01,-1.345954715595436557e+00,-4.625327986190971852e-01,8.899999999999999023e-01,9.184875142145335625e-01,8.834219169763393165e-01,3.693990676274841456e-01
8.905000000000000693e-01,-1.346598483232173571e+00,-4.626198132696323628e-01,8.905000000000001803e-01,9.187182965018054759e-01,8.839786699625411526e-01,3.669449720785658564e-01
8.910000000000000142e-01,-1.347242840874312231e+00,-4.627075970441528741e-01,8.910000000000000142e-01,9.189504379184644245e-01,8.845352438301593567e-01,3.644996537054062125e-01
8.915000000000000702e-01,-1.347887787299986595e+00,-4.627961502903142899e-01,8.914999999999999591e-01,9.191839375903012588e-01,8.850916370096723051e-01,3.620630870702347126e-01
8.920000000000000151e-01,-1.348533321291525366e+00,-4.628854733456301274e-01,8.920000000000001261e-01,9.194187946371558118e-01,8.856478479458952391e-01,3.596352467509218442e-01
8.925000000000000711e-01,-1.349179441635434351e+00,-4.629755665375069329e-01,8.925000000000000711e-01,9.196550081729406578e-01,8.862038750979274182e-01,3.572161073418316790e-01
8.930000000000000160e-01,-1.349826147122383357e+00,-4.630664301832803642e-01,8.930000000000001270e-01,9.198925773056629840e-01,8.867597169391030487e-01,3.548056434546535964e-01
8.935000000000000719e-01,-1.350473436547191763e+00,-4.631580645902467763e-01,8.935000000000001830e-01,9.201315011374380237e-01,8.873153719569449871e-01,3.524038297192219060e-01
8.940000000000000169e-01,-1.351121308708813196e+00,-4.632504700557010247e-01,8.939999999999996838e-01,9.203717787645142590e-01,8.878708386531122265e-01,3.500106407843303624e-01
8.945000000000000728e-01,-1.351769762410321096e+00,-4.633436468669712704e-01,8.945000000000001839e-01,9.206134092772919608e-01,8.884261155433498258e-01,3.476260513185261969e-01
8.950000000000000178e-01,-1.352418796458893180e+00,-4.634375953014532312e-01,8.950000000000000178e-01,9.208563917603466153e-01,8.889812011574399486e-01,3.452500360108997635e-01
8.955000000000000737e-01,-1.353068409665798555e+00,-4.635323156266454303e-01,8.954999999999999627e-01,9.211007252924442446e-01,8.895360940391531246e-01,3.428825695718532018e-01
8.960000000000000187e-01,-1.353718600846380848e+00,-4.636278081001858342e-01,8.960000000000001297e-01,9.213464089465669415e-01,8.900907927461949587e-01,3.405236267338682121e-01
8.964999999999999636e-01,-1.354369368820045327e+00,-4.637240729698857145e-01,8.964999999999998526e-01,9.215934417899313003e-01,8.906452958501596129e-01,3.381731822522516251e-01
8.970000000000000195e-01,-1.355020712410243799e+00,-4.638211104737666179e-01,8.969999999999999085e-01,9.218418228840110640e-01,8.911996019364771815e-01,3.358312109058770312e-01
8.974999999999999645e-01,-1.355672630444460625e+00,-4.639189208400957276e-01,8.975000000000001865e-01,9.220915512845558881e-01,8.917537096043648415e-01,3.334976874979124761e-01
8.980000000000000204e-01,-1.356325121754195839e+00,-4.640175042874185585e-01,8.979999999999996874e-01,9.223426260416139888e-01,8.923076174667772253e-01,3.311725868565346675e-01
8.984999999999999654e-01,-1.356978185174954055e+00,-4.641168610246009796e-01,8.984999999999996323e-01,9.225950461995551244e-01,8.928613241503531306e-01,3.288558838356372416e-01
8.990000000000000213e-01,-1.357631819546227581e+00,-4.642169912508596896e-01,8.990000000000000213e-01,9.228488107970873600e-01,8.934148282953678910e-01,3.265475533155218213e-01
8.994999999999999662e-01,-1.358286023711483548e+00,-4.643178951557995204e-01,8.995000000000000773e-01,9.231039188672829354e-01,8.939681285556839718e-01,3.242475702035817475e-01
9.000000000000000222e-01,-1.358940796518147920e+00,-4.644195729194500744e-01,9.000000000000001332e-01,9.233603694375980275e-01,8.945212235986979010e-01,3.219559094349751516e-01
9.004999999999999671e-01,-1.359596136817592393e+00,-4.645220247123023616e-01,9.004999999999998561e-01,9.236181615298941772e-01,8.950741121052900873e-01,3.196725459732869812e-01
9.010000000000000231e-01,-1.360252043465119520e+00,-4.646252506953428840e-01,9.010000000000001341e-01,9.238772941604620481e-01,8.956267927697766362e-01,3.173974548111772598e-01
9.014999999999999680e-01,-1.360908515319948275e+00,-4.647292510200922711e-01,9.014999999999999680e-01,9.241377663400401898e-01,8.961792642998560598e-01,3.151306109710261261e-01
9.020000000000000240e-01,-1.361565551245200290e+00,-4.648340258286400295e-01,9.019999999999999130e-01,9.243995770738399065e-01,8.967315254165602045e-01,3.128719895055590006e-01
9.024999999999999689e-01,-1.362223150107884972e+00,-4.649395752536800708e-01,9.024999999999998579e-01,9.246627253615645747e-01,8.972835748542049572e-01,3.106215654984694763e-01
9.030000000000000249e-01,-1.362881310778885968e+00,-4.650458994185521777e-01,9.030000000000000249e-01,9.249272101974380655e-01,8.978354113603337350e-01,3.083793140650283870e-01
9.034999999999999698e-01,-1.363540032132946056e+00,-4.651529984372698712e-01,9.034999999999998588e-01,9.251930305702161794e-01,8.983870336956761848e-01,3.061452103526832169e-01
9.040000000000000258e-01,-1.364199313048654716e+00,-4.652608724145652075e-01,9.040000000000001368e-01,9.254601854632198421e-01,8.989384406340894529e-01,3.039192295416469070e-01
9.044999999999999707e-01,-1.364859152408431031e+00,-4.653695214459200313e-01,9.044999999999998597e-01,9.257286738543506477e-01,8.994896309625109998e-01,3.017013468454802783e-01
9.050000000000000266e-01,-1.365519549098511920e+00,-4.654789456176061102e-01,9.049999999999999156e-01,9.259984947161188362e-01,9.000406034809058653e-01,2.994915375116594669e-01
9.054999999999999716e-01,-1.366180502008939257e+00,-4.655891450067198845e-01,9.055000000000001936e-01,9.262696470156587258e-01,9.005913570022193726e-01,2.972897768221380299e-01
9.060000000000000275e-01,-1.366842010033541888e+00,-4.657001196812196042e-01,9.060000000000001386e-01,9.265421297147609092e-01,9.011418903523222834e-01,2.950960400938966721e-01
9.064999999999999725e-01,-1.367504072069923859e+00,-4.658118696999625774e-01,9.065000000000000835e-01,9.268159417698865754e-01,9.016922023699612820e-01,2.938636583618773335e-01
9.070000000000000284e-01,-1.368166687019452654e+00,-4.659243951127411409e-01,9.070000000000000284e-01,9.270910821321938222e-01,9.022422919067114577e-01,2.934904264258748618e-01
9.074999999999999734e-01,-1.368829853787240314e+00,-4.660376959603217406e-01,9.075000000000000844e-01,9.273675497475621921e-01,9.027921578269185732e-01,2.931171890828597748e-01
9.080000000000000293e-01,-1.369493571282134114e+00,-4.661517722744797365e-01,9.080000000000001403e-01,9.276453435566133221e-01,9.033417990076544335e-01,2.927439488541780377e-01
9.084999999999999742e-01,-1.370157838416699692e+00,-4.662666240780377058e-01,9.085000000000000853e-01,9.279244624947367015e-01,9.038912143386619302e-01,2.923707082533654744e-01
9.090000000000000302e-01,-1.370822654107209049e+00,-4.663822513849018025e-01,9.090000000000001412e-01,9.282049054921105435e-01,9.044404027223071907e-01,2.919974697861275059e-01
9.094999999999999751e-01,-1.371488017273625459e+00,-4.664986542000993941e-01,9.094999999999999751e-01,9.284866714737244342e-01,9.049893630735260652e-01,2.916242359503261605e-01
9.100000000000000311e-01,-1.372153926839590143e+00,-4.666158325198165313e-01,9.100000000000001421e-01,9.287697593594064216e-01,9.055380943197736121e-01,2.912510092359623104e-01
9.104999999999999760e-01,-1.372820381732410278e+00,-4.667337863314345303e-01,9.104999999999998650e-01,9.290541680638439992e-01,9.060865954009758028e-01,2.908777921251590182e-01
9.110000000000000320e-01,-1.373487380883040787e+00,-4.668525156135683307e-01,9.110000000000000320e-01,9.293398964966085307e-01,9.066348652694724564e-01,2.905045870921484918e-01
9.114999999999999769e-01,-1.374154923226075464e+00,-4.669720203361020228e-01,9.115000000000000879e-01,9.296269435621780097e-01,9.071829028899733860e-01,2.901313966032542102e-01
9.120000000000000329e-01,-1.374823007699731869e+00,-4.670923004602284823e-01,9.119999999999999218e-01,9.299153081599604853e-01,9.077307072395033316e-01,2.897582231168764344e-01
9.124999999999999778e-01,-1.375491633245835565e+00,-4.672133559384853418e-01,9.124999999999996447e-01,9.302049891843208185e-01,9.082782773073502236e-01,2.893850690834776085e-01
9.130000000000000338e-01,-1.376160798809809016e+00,-4.673351867147915173e-01,9.130000000000001448e-01,9.304959855245997780e-01,9.088256120950175543e-01,2.890119369455659282e-01
9.134999999999999787e-01,-1.376830503340657597e+00,-4.674577927244896181e-01,9.134999999999997566e-01,9.307882960651472359e-01,9.093727106161679785e-01,2.886388291376805748e-01
9.140000000000000346e-01,-1.377500745790955383e+00,-4.675811738943752016e-01,9.139999999999999236e-01,9.310819196853304947e-01,9.099195718965802371e-01,2.882657480863788924e-01
9.144999999999999796e-01,-1.378171525116831608e+00,-4.677053301427428478e-01,9.144999999999998685e-01,9.313768552595745875e-01,9.104661949740887605e-01,2.878926962102195675e-01
9.150000000000000355e-01,-1.378842840277958670e+00,-4.678302613794180775e-01,9.150000000000000355e-01,9.316731016573768231e-01,9.110125788985405926e-01,2.875196759197494178e-01
9.154999999999999805e-01,-1.379514690237537256e+00,-4.679559675057977652e-01,9.154999999999996474e-01,9.319706577433355399e-01,9.115587227317394348e-01,2.871466896174884043e-01
9.160000000000000364e-01,-1.380187073962283684e+00,-4.680824484148863318e-01,9.160000000000001474e-01,9.322695223771693129e-01,9.121046255473973519e-01,2.867737396979166964e-01
9.164999999999999813e-01,-1.380859990422415029e+00,-4.682097039913344916e-01,9.164999999999996483e-01,9.325696944137494837e-01,9.126502864310805929e-01,2.864008285474594073e-01
9.170000000000000373e-01,-1.381533438591639573e+00,-4.683377341114770553e-01,9.169999999999997042e-01,9.328711727031165912e-01,9.131957044801625178e-01,2.860279585444741590e-01
9.174999999999999822e-01,-1.382207417447138820e+00,-4.684665386433699563e-01,9.174999999999999822e-01,9.331739560905086828e-01,9.137408788037688634e-01,2.856551320592367049e-01
9.180000000000000382e-01,-1.382881925969558390e+00,-4.685961174468274426e-01,9.179999999999999272e-01,9.334780434163857388e-01,9.142858085227310028e-01,2.852823514539274408e-01
9.184999999999999831e-01,-1.383556963142991814e+00,-4.687264703734621007e-01,9.185000000000000941e-01,9.337834335164533206e-01,9.148304927695296573e-01,2.849096190826196362e-01
9.190000000000000391e-01,-1.384232527954969427e+00,-4.688575972667206604e-01,9.190000000000000391e-01,9.340901252216901041e-01,9.153749306882488224e-01,2.845369372912630590e-01
9.194999999999999840e-01,-1.384908619396443497e+00,-4.689894979619230742e-01,9.194999999999998730e-01,9.343981173583668642e-01,9.159191214345203669e-01,2.841643084176763701e-01
9.200000000000000400e-01,-1.385585236461778003e+00,-4.691221722862984889e-01,9.199999999999999289e-01,9.347074087480762294e-01,9.164630641754795137e-01,2.837917347915291377e-01
9.204999999999999849e-01,-1.386262378148730212e+00,-4.692556200590279336e-01,9.204999999999998739e-01,9.350179982077575502e-01,9.170067580897023340e-01,2.834192187343329006e-01
9.210000000000000409e-01,-1.386940043458445349e+00,-4.693898410912751840e-01,9.210000000000001519e-01,9.353298845497202141e-01,9.175502023671702201e-01,2.830467625594267345e-01
9.214999999999999858e-01,-1.387618231395436386e+00,-4.695248351862300606e-01,9.215000000000002078e-01,9.356430665816662939e-01,9.180933962092063805e-01,2.826743685719670940e-01
9.220000000000000417e-01,-1.388296940967575166e+00,-4.696606021391455665e-01,9.220000000000001528e-01,9.359575431067208573e-01,9.186363388284295439e-01,2.823020390689140457e-01
9.224999999999999867e-01,-1.388976171186079078e+00,-4.697971417373725811e-01,9.225000000000000977e-01,9.362733129234515062e-01,9.191790294487065527e-01,2.819297763390206102e-01
9.230000000000000426e-01,-1.389655921065496402e+00,-4.699344537604027705e-01,9.230000000000000426e-01,9.365903748258993522e-01,9.197214673050936318e-01,2.815575826628206602e-01
9.234999999999999876e-01,-1.390336189623696095e+00,-4.700725379799031156e-01,9.235000000000000986e-01,9.369087276035988898e-01,9.202636516437929792e-01,2.811854603126179297e-01
9.240000000000000435e-01,-1.391016975881852469e+00,-4.702113941597543256e-01,9.240000000000001545e-01,9.372283700416060848e-01,9.208055817220981432e-01,2.808134115524740793e-01
9.244999999999999885e-01,-1.391698278864433647e+00,-4.703510220560908062e-01,9.244999999999998774e-01,9.375493009205243533e-01,9.213472568083428405e-01,2.804414386381994251e-01
9.250000000000000444e-01,-1.392380097599189792e+00,-4.704914214173357978e-01,9.249999999999999334e-01,9.378715190165254345e-01,9.218886761818539943e-01,2.800695438173396168e-01
9.254999999999999893e-01,-1.393062431117138456e+00,-4.706325919842425654e-01,9.255000000000002114e-01,9.381950231013806984e-01,9.224298391328958902e-01,2.796977293291667555e-01
9.260000000000000453e-01,-1.393745278452554137e+00,-4.707745334899289813e-01,9.260000000000001563e-01,9.385198119424824625e-01,9.229707449626252114e-01,2.793259974046684579e-01
9.264999999999999902e-01,-1.394428638642952745e+00,-4.709172456599186041e-01,9.265000000000003233e-01,9.388458843028706369e-01,9.235113929830340851e-01,2.789543502665381980e-01
9.270000000000000462e-01,-1.395112510729081601e+00,-4.710607282121758166e-01,9.269999999999998241e-01,9.391732389412577042e-01,9.240517825169057842e-01,2.785827901291639819e-01
9.274999999999999911e-01,-1.395796893754907231e+00,-4.712049808571482368e-01,9.274999999999998801e-01,9.395018746120554765e-01,9.245919128977589940e-01,2.782113191986189116e-01
9.280000000000000471e-01,-1.396481786767600042e+00,-4.713500032978008014e-01,9.280000000000001581e-01,9.398317900654001855e-01,9.251317834697991849e-01,2.778399396726528581e-01
9.284999999999999920e-01,-1.397167188817523886e+00,-4.714957952296540689e-01,9.284999999999996589e-01,9.401629840471780186e-01,9.256713935878697619e-01,2.774686537406807485e-01
9.290000000000000480e-01,-1.397853098958224516e+00,-4.716423563408234099e-01,9.289999999999999369e-01,9.404954552990474337e-01,9.262107426174011060e-01,2.770974635837751276e-01
9.294999999999999929e-01,-1.398539516246414260e+00,-4.717896863120600859e-01,9.294999999999997708e-01,9.408292025584739093e-01,9.267498299343541746e-01,2.767263713746561660e-01
9.300000000000000488e-01,-1.399226439741963146e+00,-4.719377848167801703e-01,9.299999999999999378e-01,9.411642245587429345e-01,9.272886549251829758e-01,2.763553792776825557e-01
9.304999999999999938e-01,-1.399913868507883574e+00,-4.720866515211137315e-01,9.304999999999998828e-01,9.415005200289977561e-01,9.278272169867698427e-01,2.759844894488442946e-01
9.310000000000000497e-01,-1.400601801610321218e+00,-4.722362860839360854e-01,9.310000000000000497e-01,9.418380876942564761e-01,9.283655155263851322e-01,2.756137040357516943e-01
9.314999999999999947e-01,-1.401290238118537701e+00,-4.723866881569060427e-01,9.314999999999998836e-01,9.421769262754435825e-01,9.289035499616316027e-01,2.752430251776297188e-01
9.320000000000000506e-01,-1.401979177104904828e+00,-4.725378573845062102e-01,9.320000000000001616e-01,9.425170344894113761e-01,9.294413197203985622e-01,2.748724550053082138e-01
9.324999999999999956e-01,-1.402668617644888371e+00,-4.726897934040797944e-01,9.324999999999998845e-01,9.428584110489681702e-01,9.299788242408085770e-01,2.745019956412140250e-01
9.330000000000000515e-01,-1.403358558817036306e+00,-4.728424958458705696e-01,9.329999999999999405e-01,9.432010546629073788e-01,9.305160629711657361e-01,2.741316491993638915e-01
9.334999999999999964e-01,-1.404048999702967482e+00,-4.729959643330548524e-01,9.334999999999999964e-01,9.435449640360227264e-01,9.310530353699126849e-01,2.737614177853577302e-01
9.340000000000000524e-01,-1.404739939387360304e+00,-4.731501984817880202e-01,9.339999999999997193e-01,9.438901378691488819e-01,9.315897409055722278e-01,2.733913034963684208e-01
9.344999999999999973e-01,-1.405431376957938738e+00,-4.733051979012349308e-01,9.344999999999996643e-01,9.442365748591736718e-01,9.321261790567038075e-01,2.730213084211388086e-01
9.350000000000000533e-01,-1.406123311505461437e+00,-4.734609621936143875e-01,9.349999999999998312e-01,9.445842736990759381e-01,9.326623493118471053e-01,2.726514346399709354e-01
9.354999999999999982e-01,-1.406815742123710855e+00,-4.736174909542306688e-01,9.354999999999996652e-01,9.449332330779417477e-01,9.331982511694801863e-01,2.722816842247219316e-01
9.360000000000000542e-01,-1.407508667909479927e+00,-4.737747837715152177e-01,9.360000000000001652e-01,9.452834516809949239e-01,9.337338841379647647e-01,2.719120592387963553e-01
9.364999999999999991e-01,-1.408202087962559634e+00,-4.739328402270641116e-01,9.364999999999996660e-01,9.456349281896234693e-01,9.342692477354954672e-01,2.715425617371409750e-01
9.370000000000000551e-01,-1.408896001385730123e+00,-4.740916598956753658e-01,9.369999999999999440e-01,9.459876612814057673e-01,9.348043414900547576e-01,2.711731937662359981e-01
9.375000000000000000e-01,-1.409590407284745828e+00,-4.742512423453877912e-01,9.375000000000000000e-01,9.463416496301328973e-01,9.353391649393580920e-01,2.708039573640927400e-01
9.380000000000000560e-01,-1.410285304768324366e+00,-4.744115871375156890e-01,9.380000000000001670e-01,9.466968919058394993e-01,9.358737176308087324e-01,2.704348545602462961e-01
9.385000000000000009e-01,-1.410980692948136772e+00,-4.745726938266918715e-01,9.385000000000003340e-01,9.470533867748280876e-01,9.364079991214449006e-01,2.700658873757491585e-01
9.390000000000000568e-01,-1.411676570938793951e+00,-4.747345619609001366e-01,9.389999999999998348e-01,9.474111328996929204e-01,9.369420089778938143e-01,2.696970578231674409e-01
9.395000000000000018e-01,-1.412372937857834909e+00,-4.748971910815166231e-01,9.395000000000001128e-01,9.477701289393511974e-01,9.374757467763182861e-01,2.693283679065747727e-01
9.400000000000000577e-01,-1.413069792825716986e+00,-4.750605807233450606e-01,9.400000000000001688e-01,9.481303735490618223e-01,9.380092121023719809e-01,2.689598196215483572e-01
9.405000000000000027e-01,-1.413767134965802086e+00,-4.752247304146571816e-01,9.404999999999998916e-01,9.484918653804593758e-01,9.385424045511449043e-01,2.685914149551637542e-01
9.410000000000000586e-01,-1.414464963404347797e+00,-4.753896396772274713e-01,9.410000000000001696e-01,9.488546030815750987e-01,9.390753237271203258e-01,2.682231558859901055e-01
9.415000000000000036e-01,-1.415163277270492515e+00,-4.755553080263718591e-01,9.414999999999997815e-01,9.492185852968647586e-01,9.396079692441205999e-01,2.678550443840869155e-01
9.420000000000000595e-01,-1.415862075696247668e+00,-4.757217349709872978e-01,9.419999999999997264e-01,9.495838106672348511e-01,9.401403407252604261e-01,2.674870824109989997e-01
9.425000000000000044e-01,-1.416561357816482847e+00,-4.758889200135864583e-01,9.425000000000001155e-01,9.499502778300689121e-01,9.406724378028963329e-01,2.671192719197530985e-01
9.430000000000000604e-01,-1.417261122768917136e+00,-4.760568626503355882e-01,9.429999999999998384e-01,9.503179854192529419e-01,9.412042601185814927e-01,2.667516148548544908e-01
9.435000000000000053e-01,-1.417961369694107132e+00,-4.762255623710945907e-01,9.434999999999998943e-01,9.506869320652020505e-01,9.417358073230125415e-01,2.663841131522828309e-01
9.440000000000000613e-01,-1.418662097735435168e+00,-4.763950186594509417e-01,9.440000000000003944e-01,9.510571163948854378e-01,9.422670790759841708e-01,2.660167687394902059e-01
9.445000000000000062e-01,-1.419363306039097550e+00,-4.765652309927597696e-01,9.445000000000001172e-01,9.514285370318567026e-01,9.427980750463378357e-01,2.656495835353963053e-01
9.450000000000000622e-01,-1.420064993754094340e+00,-4.767361988421809915e-01,9.449999999999999512e-01,9.518011925962754916e-01,9.433287949119133486e-01,2.652825594503874784e-01
9.455000000000000071e-01,-1.420767160032218701e+00,-4.769079216727142856e-01,9.454999999999997851e-01,9.521750817049327020e-01,9.438592383595043600e-01,2.649156983863131254e-01
9.460000000000000631e-01,-1.421469804028044459e+00,-4.770803989432388370e-01,9.459999999999997300e-01,9.525502029712832330e-01,9.443894050848056221e-01,2.645490022364833105e-01
9.465000000000000080e-01,-1.422172924898915003e+00,-4.772536301065504194e-01,9.464999999999998970e-01,9.529265550054651923e-01,9.449192947923645836e-01,2.641824728856670412e-01
9.470000000000000639e-01,-1.422876521804933958e+00,-4.774276146093973106e-01,9.469999999999998419e-01,9.533041364143306495e-01,9.454489071955366475e-01,2.638161122100899370e-01
9.475000000000000089e-01,-1.423580593908951863e+00,-4.776023518925185396e-01,9.474999999999998979e-01,9.536829458014702832e-01,9.459782420164333239e-01,2.634499220774326189e-01
9.480000000000000648e-01,-1.424285140376557068e+00,-4.777778413906815791e-01,9.479999999999999538e-01,9.540629817672379165e-01,9.465072989858754893e-01,2.630839043468289340e-01
9.485000000000000098e-01,-1.424990160376063297e+00,-4.779540825327148190e-01,9.484999999999998987e-01,9.544442429087786062e-01,9.470360778433484228e-01,2.627180608688652885e-01
9.490000000000000657e-01,-1.425695653078501213e+00,-4.781310747415536411e-01,9.490000000000001767e-01,9.548267278200548436e-01,9.475645783369475161e-01,2.623523934855784834e-01
9.495000000000000107e-01,-1.426401617657603538e+00,-4.783088174342682297e-01,9.495000000000000107e-01,9.552104350918714237e-01,9.480928002233353080e-01,2.619869040304561025e-01
9.500000000000000666e-01,-1.427108053289798173e+00,-4.784873100221063158e-01,9.499999999999999556e-01,9.555953633119046442e-01,9.486207432676918572e-01,2.616215943284334045e-01
9.505000000000000115e-01,-1.427814959154195540e+00,-4.786665519105269828e-01,9.504999999999999005e-01,9.559815110647222891e-01,9.491484072436685571e-01,2.612564661958962087e-01
9.510000000000000675e-01,-1.428522334432577034e+00,-4.788465424992398578e-01,9.509999999999998455e-01,9.563688769318170468e-01,9.496757919333371767e-01,2.608915214406773986e-01
9.515000000000000124e-01,-1.429230178309386368e+00,-4.790272811822392507e-01,9.514999999999999014e-01,9.567574594916262720e-01,9.502028971271471169e-01,2.605267618620593084e-01
9.520000000000000684e-01,-1.429938489971718685e+00,-4.792087673478437337e-01,9.519999999999999574e-01,9.571472573195621836e-01,9.507297226238748955e-01,2.601621892507716693e-01
9.525000000000000133e-01,-1.430647268609307021e+00,-4.793910003787313912e-01,9.524999999999999023e-01,9.575382689880382880e-01,9.512562682305756301e-01,2.597978053889933858e-01
9.530000000000000693e-01,-1.431356513414514753e+00,-4.795739796519755682e-01,9.529999999999999583e-01,9.579304930664908069e-01,9.517825337625391846e-01,2.594336120503527021e-01
9.535000000000000142e-01,-1.432066223582324938e+00,-4.797577045390835626e-01,9.535000000000000142e-01,9.583239281214089855e-01,9.523085190432414304e-01,2.590696109999274799e-01
9.540000000000000702e-01,-1.432776398310328547e+00,-4.799421744060313744e-01,9.539999999999997371e-01,9.587185727163592963e-01,9.528342239042971729e-01,2.587058039942468635e-01
9.545000000000000151e-01,-1.433487036798712699e+00,-4.801273886133012314e-01,9.545000000000001261e-01,9.591144254120134161e-01,9.533596481854114124e-01,2.583421927812913355e-01
9.550000000000000711e-01,-1.434198138250254440e+00,-4.803133465159180604e-01,9.550000000000000711e-01,9.595114847661723179e-01,9.538847917343363791e-01,2.579787791004947706e-01
9.555000000000000160e-01,-1.434909701870305865e+00,-4.805000474634847918e-01,9.555000000000001270e-01,9.599097493337903630e-01,9.544096544068210175e-01,2.576155646827467116e-01
9.560000000000000719e-01,-1.435621726866786574e+00,-4.806874908002187197e-01,9.559999999999999609e-01,9.603092176670051661e-01,9.549342360665677987e-01,2.572525512503923695e-01
9.565000000000000169e-01,-1.436334212450171899e+00,-4.808756758649911367e-01,9.565000000000001279e-01,9.607098883151619084e-01,9.554585365851807621e-01,2.568897405172354542e-01
9.570000000000000728e-01,-1.437047157833484246e+00,-4.810646019913574767e-01,9.569999999999999618e-01,9.611117598248405391e-01,9.559825558421267688e-01,2.565271341885403400e-01
9.575000000000000178e-01,-1.437760562232279105e+00,-4.812542685075986149e-01,9.575000000000000178e-01,9.615148307398779792e-01,9.565062937246804342e-01,2.561647339610349516e-01
9.580000000000000737e-01,-1.438474424864641277e+00,-4.814446747367544521e-01,9.579999999999997407e-01,9.619190996013957662e-01,9.570297501278868246e-01,2.558025415229121524e-01
9.585000000000000187e-01,-1.439188744951167331e+00,-4.816358199966613296e-01,9.584999999999999076e-01,9.623245649478291419e-01,9.575529249545060573e-01,2.554405585538326862e-01
9.590000000000000746e-01,-1.439903521714960277e+00,-4.818277035999862790e-01,9.590000000000000746e-01,9.627312253149468146e-01,9.580758181149739983e-01,2.550787867249295626e-01
9.595000000000000195e-01,-1.440618754381618238e+00,-4.820203248542638819e-01,9.595000000000003526e-01,9.631390792358818231e-01,9.585984295273544120e-01,2.547172276988093342e-01
9.599999999999999645e-01,-1.441334442179224906e+00,-4.822136830619322967e-01,9.599999999999999645e-01,9.635481252411567388e-01,9.591207591172925540e-01,2.543558831295558154e-01
9.605000000000000204e-01,-1.442050584338337105e+00,-4.824077775203688412e-01,9.604999999999999094e-01,9.639583618587053149e-01,9.596428068179683191e-01,2.539947546627349118e-01
9.609999999999999654e-01,-1.442767180091976797e+00,-4.826026075219251865e-01,9.609999999999998543e-01,9.643697876139019076e-01,9.601645725700516110e-01,2.536338439353972851e-01
9.615000000000000213e-01,-1.443484228675622871e+00,-4.827981723539637171e-01,9.615000000000000213e-01,9.647824010295867891e-01,9.606860563216591542e-01,2.532731525760818503e-01
9.619999999999999662e-01,-1.444201729327196926e+00,-4.829944712988923361e-01,9.620000000000000773e-01,9.651962006260890181e-01,9.612072580283046452e-01,2.529126822048213263e-01
9.625000000000000222e-01,-1.444919681287056168e+00,-4.831915036342001035e-01,9.625000000000001332e-01,9.656111849212567488e-01,9.617281776528561199e-01,2.525524344331451787e-01
9.629999999999999671e-01,-1.445638083797983420e+00,-4.833892686324933186e-01,9.630000000000000782e-01,9.660273524304767712e-01,9.622488151654901012e-01,2.521924108640854478e-01
9.635000000000000231e-01,-1.446356936105176905e+00,-4.835877655615315462e-01,9.635000000000001341e-01,9.664447016667082613e-01,9.627691705436454139e-01,2.518326130921798578e-01
9.639999999999999680e-01,-1.447076237456239145e+00,-4.837869936842574270e-01,9.639999999999997460e-01,9.668632311404959934e-01,9.632892437719817735e-01,2.514730427034784777e-01
9.645000000000000240e-01,-1.447795987101170301e+00,-4.839869522588420292e-01,9.645000000000001350e-01,9.672829393600120840e-01,9.638090348423282716e-01,2.511137012755474962e-01
9.649999999999999689e-01,-1.448516184292355291e+00,-4.841876405387094962e-01,9.650000000000000799e-01,9.677038248310649848e-01,9.643285437536457394e-01,2.507545903774755502e-01
9.655000000000000249e-01,-1.449236828284556244e+00,-4.843890577725790125e-01,9.654999999999998028e-01,9.681258860571353431e-01,9.648477705119772319e-01,2.503957115698782210e-01
9.659999999999999698e-01,-1.449957918334900731e+00,-4.845912032044962237e-01,9.659999999999998588e-01,9.685491215393977615e-01,9.653667151304045069e-01,2.500370664049050839e-01
9.665000000000000258e-01,-1.450679453702875543e+00,-4.847940760738712052e-01,9.664999999999999147e-01,9.689735297767473332e-01,9.658853776290043935e-01,2.496786564262433450e-01
9.669999999999999707e-01,-1.451401433650312933e+00,-4.849976756155089941e-01,9.669999999999998597e-01,9.693991092658216235e-01,9.664037580348039391e-01,2.493204831691270551e-01
9.675000000000000266e-01,-1.452123857441384835e+00,-4.852020010596483912e-01,9.675000000000003597e-01,9.698258585010326449e-01,9.669218563817364442e-01,2.489625481603403856e-01
9.679999999999999716e-01,-1.452846724342590434e+00,-4.854070516319944351e-01,9.679999999999999716e-01,9.702537759745846202e-01,9.674396727105960547e-01,2.486048529182261213e-01
9.685000000000000275e-01,-1.453570033622748614e+00,-4.856128265537542066e-01,9.684999999999999165e-01,9.706828601765026265e-01,9.679572070689943519e-01,2.482473989526910174e-01
9.689999999999999725e-01,-1.454293784552987745e+00,-4.858193250416694697e-01,9.690000000000000835e-01,9.711131095946573533e-01,9.684744595113182752e-01,2.478901877652140429e-01
9.695000000000000284e-01,-1.455017976406736580e+00,-4.860265463080543080e-01,9.694999999999998064e-01,9.715445227147899709e-01,9.689914300986822715e-01,2.475332208488520702e-01
9.699999999999999734e-01,-1.455742608459714926e+00,-4.862344895608248230e-01,9.699999999999998623e-01,9.719770980205389987e-01,9.695081188988901033e-01,2.471764996882471754e-01
9.705000000000000293e-01,-1.456467679989922992e+00,-4.864431540035389356e-01,9.705000000000001403e-01,9.724108339934621759e-01,9.700245259863840008e-01,2.468200257596350755e-01
9.709999999999999742e-01,-1.457193190277634720e+00,-4.866525388354263071e-01,9.710000000000000853e-01,9.728457291130616635e-01,9.705406514422083575e-01,2.464638005308522894e-01
9.715000000000000302e-01,-1.457919138605386467e+00,-4.868626432514231439e-01,9.715000000000001412e-01,9.732817818568094692e-01,9.710564953539633226e-01,2.461078254613432714e-01
9.719999999999999751e-01,-1.458645524257967452e+00,-4.870734664422084470e-01,9.719999999999997531e-01,9.737189907001754241e-01,9.715720578157589493e-01,2.457521020021690983e-01
9.725000000000000311e-01,-1.459372346522412878e+00,-4.872850075942364856e-01,9.724999999999996980e-01,9.741573541166490546e-01,9.720873389281763366e-01,2.453966315960150746e-01
9.729999999999999760e-01,-1.460099604687992825e+00,-4.874972658897693267e-01,9.730000000000000870e-01,9.745968705777615648e-01,9.726023387982234425e-01,2.450414156771994201e-01
9.735000000000000320e-01,-1.460827298046203149e+00,-4.877102405069124735e-01,9.735000000000002540e-01,9.750375385531152572e-01,9.731170575392906752e-01,2.446864556716824568e-01
9.739999999999999769e-01,-1.461555425890757487e+00,-4.879239306196490600e-01,9.739999999999998659e-01,9.754793565104070696e-01,9.736314952711084825e-01,2.443317529970729651e-01
9.745000000000000329e-01,-1.462283987517578154e+00,-4.881383353978708817e-01,9.744999999999999218e-01,9.759223229154487811e-01,9.741456521197072727e-01,2.439773090626405350e-01
9.749999999999999778e-01,-1.463012982224785263e+00,-4.883534540074149222e-01,9.749999999999998668e-01,9.763664362321999857e-01,9.746595282173703412e-01,2.436231252693213112e-01
9.755000000000000338e-01,-1.463742409312690507e+00,-4.885692856100934955e-01,9.754999999999997007e-01,9.768116949227841905e-01,9.751731237025970112e-01,2.432692030097289293e-01
9.759999999999999787e-01,-1.464472268083785833e+00,-4.887858293637314944e-01,9.760000000000002007e-01,9.772580974475174598e-01,9.756864387200543387e-01,2.429155436681640357e-01
9.765000000000000346e-01,-1.465202557842736120e+00,-4.890030844221953110e-01,9.764999999999999236e-01,9.777056422649316181e-01,9.761994734205408086e-01,2.425621486206230026e-01
9.769999999999999796e-01,-1.465933277896369624e+00,-4.892210499354304742e-01,9.770000000000000906e-01,9.781543278317994528e-01,9.767122279609391500e-01,2.422090192348086701e-01
9.775000000000000355e-01,-1.466664427553668437e+00,-4.894397250494915141e-01,9.774999999999998135e-01,9.786041526031594717e-01,9.772247025041769231e-01,2.418561568701386999e-01
9.779999999999999805e-01,-1.467396006125761598e+00,-4.896591089065754909e-01,9.780000000000000915e-01,9.790551150323368867e-01,9.777368972191861074e-01,2.415035628777577326e-01
9.785000000000000364e-01,-1.468128012925914661e+00,-4.898792006450560232e-01,9.784999999999999254e-01,9.795072135709701477e-01,9.782488122808585818e-01,2.411512386005461306e-01
9.789999999999999813e-01,-1.468860447269521030e+00,-4.900999993995149850e-01,9.789999999999998703e-01,9.799604466690363669e-01,9.787604478700060451e-01,2.407991853731313026e-01
9.795000000000000373e-01,-1.469593308474095306e+00,-4.903215043007765339e-01,9.795000000000001483e-01,9.804148127748716357e-01,9.792718041733188272e-01,2.404474045218975564e-01
9.799999999999999822e-01,-1.470326595859260621e+00,-4.905437144759374757e-01,9.799999999999995381e-01,9.808703103351978925e-01,9.797828813833231454e-01,2.400958973649973682e-01
9.805000000000000382e-01,-1.471060308746744427e+00,-4.907666290484023475e-01,9.804999999999997051e-01,9.813269377951469030e-01,9.802936796983421353e-01,2.397446652123625122e-01
9.809999999999999831e-01,-1.471794446460366723e+00,-4.909902471379153921e-01,9.809999999999998721e-01,9.817846935982820211e-01,9.808041993224513311e-01,2.393937093657146631e-01
9.815000000000000391e-01,-1.472529008326032951e+00,-4.912145678605890908e-01,9.814999999999995950e-01,9.822435761866222803e-01,9.813144404654439157e-01,2.390430311185771373e-01
9.819999999999999840e-01,-1.473263993671725336e+00,-4.914395903289432432e-01,9.819999999999998730e-01,9.827035840006677070e-01,9.818244033427820927e-01,2.386926317562864108e-01
9.825000000000000400e-01,-1.473999401827494005e+00,-4.916653136519312239e-01,9.825000000000001510e-01,9.831647154794249666e-01,9.823340881755627807e-01,2.383425125560024171e-01
9.829999999999999849e-01,-1.474735232125448103e+00,-4.918917369349745661e-01,9.829999999999996518e-01,9.836269690604227955e-01,9.828434951904735373e-01,2.379926747867230075e-01
9.835000000000000409e-01,-1.475471483899749137e+00,-4.921188592799959904e-01,9.834999999999997078e-01,9.840903431797450862e-01,9.833526246197531462e-01,2.376431197092930547e-01
9.839999999999999858e-01,-1.476208156486600087e+00,-4.923466797854478272e-01,9.839999999999999858e-01,9.845548362720479840e-01,9.838614767011522044e-01,2.372938485764187477e-01
9.845000000000000417e-01,-1.476945249224239642e+00,-4.925751975463472654e-01,9.844999999999999307e-01,9.850204467705865330e-01,9.843700516778923770e-01,2.369448626326780827e-01
9.849999999999999867e-01,-1.477682761452930871e+00,-4.928044116543059405e-01,9.849999999999998757e-01,9.854871731072364360e-01,9.848783497986248747e-01,2.365961631145347965e-01
9.855000000000000426e-01,-1.478420692514956114e+00,-4.930343211975634077e-01,9.855000000000000426e-01,9.859550137125190350e-01,9.853863713173927064e-01,2.362477512503501631e-01
9.859999999999999876e-01,-1.479159041754606774e+00,-4.932649252610166180e-01,9.859999999999998765e-01,9.864239670156229600e-01,9.858941164935901558e-01,2.358996282603953443e-01
9.865000000000000435e-01,-1.479897808518174429e+00,-4.934962229262509492e-01,9.865000000000001545e-01,9.868940314444252238e-01,9.864015855919234799e-01,2.355517953568658229e-01
9.869999999999999885e-01,-1.480636992153945286e+00,-4.937282132715741789e-01,9.869999999999998774e-01,9.873652054255190880e-01,9.869087788823711627e-01,2.352042537438930325e-01
9.875000000000000444e-01,-1.481376592012189075e+00,-4.939608953720467932e-01,9.875000000000001554e-01,9.878374873842353798e-01,9.874156966401422819e-01,2.348570046175575687e-01
9.879999999999999893e-01,-1.482116607445152390e+00,-4.941942682995105751e-01,9.879999999999999893e-01,9.883108757446626980e-01,9.879223391456417591e-01,2.345100491659041220e-01
9.885000000000000453e-01,-1.482857037807051803e+00,-4.944283311226228550e-01,9.884999999999999343e-01,9.887853689296747239e-01,9.884287066844289482e-01,2.341633885689524408e-01
9.889999999999999902e-01,-1.483597882454062766e+00,-4.946630829068860424e-01,9.890000000000001013e-01,9.892609653609485409e-01,9.889347995471766684e-01,2.338170239987135135e-01
9.895000000000000462e-01,-1.484339140744313390e+00,-4.948985227146774357e-01,9.895000000000000462e-01,9.897376634589910571e-01,9.894406180296360098e-01,2.334709566192022523e-01
9.899999999999999911e-01,-1.485080812037877118e+00,-4.951346496052816404e-01,9.899999999999998801e-01,9.902154616431581013e-01,9.899461624325954778e-01,2.331251875864510104e-01
9.905000000000000471e-01,-1.485822895696763402e+00,-4.953714626349198236e-01,9.905000000000001581e-01,9.906943583316825119e-01,9.904514330618435780e-01,2.327797180485244866e-01
9.909999999999999920e-01,-1.486565391084909038e+00,-4.956089608567820215e-01,9.910000000000001030e-01,9.911743519416907899e-01,9.909564302281270720e-01,2.324345491455338808e-01
9.915000000000000480e-01,-1.487308297568173732e+00,-4.958471433210549506e-01,9.915000000000001590e-01,9.916554408892284123e-01,9.914611542471187811e-01,2.320896820096511326e-01
9.919999999999999929e-01,-1.488051614514327881e+00,-4.960860090749539819e-01,9.919999999999999929e-01,9.921376235892817030e-01,9.919656054393739542e-01,2.317451177651228822e-01
9.925000000000000488e-01,-1.488795341293047247e+00,-4.963255571627533946e-01,9.924999999999999378e-01,9.926208984558002602e-01,9.924697841302938528e-01,2.314008575282867908e-01
9.929999999999999938e-01,-1.489539477275905188e+00,-4.965657866258159081e-01,9.929999999999998828e-01,9.931052639017209360e-01,9.929736906500892246e-01,2.310569024075845856e-01
9.935000000000000497e-01,-1.490284021836364436e+00,-4.968066965026221582e-01,9.935000000000000497e-01,9.935907183389861563e-01,9.934773253337423338e-01,2.307132535035777698e-01
9.939999999999999947e-01,-1.491028974349767111e+00,-4.970482858288018391e-01,9.939999999999998836e-01,9.940772601785689000e-01,9.939806885209652165e-01,2.303699119089635261e-01
9.945000000000000506e-01,-1.491774334193331830e+00,-4.972905536371631241e-01,9.945000000000001616e-01,9.945648878304951257e-01,9.944837805561687061e-01,2.300268787085884281e-01
9.949999999999999956e-01,-1.492520100746141498e+00,-4.975334989577209766e-01,9.949999999999998845e-01,9.950535997038618685e-01,9.949866017884205771e-01,2.296841549794652049e-01
9.955000000000000515e-01,-1.493266273389138199e+00,-4.977771208177280138e-01,9.954999999999999405e-01,9.955433942068656616e-01,9.954891525714102407e-01,2.293417417907869515e-01
9.959999999999999964e-01,-1.494012851505113648e+00,-4.980214182417053714e-01,9.959999999999997744e-01,9.960342697468194118e-01,9.959914332634083323e-01,2.289996402039443657e-01
9.965000000000000524e-01,-1.494759834478704308e+00,-4.982663902514677390e-01,9.964999999999999414e-01,9.965262247301719389e-01,9.964934442272366244e-01,2.286578512725401802e-01
9.969999999999999973e-01,-1.495507221696380062e+00,-4.985120358661570550e-01,9.970000000000001084e-01,9.970192575625375087e-01,9.969951858302230630e-01,2.283163760424062327e-01
9.975000000000000533e-01,-1.496255012546441332e+00,-4.987583541022690969e-01,9.974999999999998312e-01,9.975133666487105977e-01,9.974966584441722350e-01,2.279752155516179268e-01
9.979999999999999982e-01,-1.497003206419006638e+00,-4.990053439736834018e-01,9.979999999999998872e-01,9.980085503926900969e-01,9.979978624453231806e-01,2.276343708305124391e-01
9.985000000000000542e-01,-1.497751802706008828e+00,-4.992530044916929088e-01,9.984999999999999432e-01,9.985048071977011830e-01,9.984987982143158636e-01,2.272938429017034578e-01
9.989999999999999991e-01,-1.498500800801185751e+00,-4.995013346650295505e-01,9.989999999999998881e-01,9.990021354662154129e-01,9.989994661361562001e-01,2.269536327800980857e-01
9.995000000000000551e-01,-1.499250200100074037e+00,-4.997503334998977254e-01,9.994999999999999440e-01,9.995005335999719298e-01,9.994998666001763121e-01,2.266137414729139932e-01
1.000000000000000000e+00,-1.500000000000000000e+00,-5.000000000000000000e-01,1.000000000000000000e+00,1.000000000000000000e+00,1.000000000000000000e+00,1.600000000000000033e-01
